INSERT INTO USER("USERID", "FIRSTNAME", "LASTNAME") VALUES(1, 'Sheldon', 'Cooper');
INSERT INTO USER("USERID", "FIRSTNAME", "LASTNAME") VALUES(2, 'Leonard', 'Hofstader');
INSERT INTO USER("USERID", "FIRSTNAME", "LASTNAME") VALUES(3, 'Ted', 'Baker');
INSERT INTO USER("USERID", "FIRSTNAME", "LASTNAME") VALUES(4, 'Charlie', 'Sheen');
INSERT INTO USER("USERID", "FIRSTNAME", "LASTNAME") VALUES(5, 'Jennifer', 'Anniston');


INSERT INTO REWARD_PROGRAM ("PROGRAMID","DESCRIPTION", "EXPIRYDATE" , "STARTDATE") VALUES(1, 'Retail Reward Program', TO_DATE('12/31/2022', 'MM/dd/yyyy'), TO_DATE('01/01/2021', 'MM/dd/yyyy'));

INSERT INTO REWARD_PROGRAM_RULES (RULEID,DESCRIPTION,PROGRAMID,APPLICABLELIMIT, MULTIPLIER, BONUSPOINTS) VALUES(1,'Purchase Above 50',1,50,1,0);
INSERT INTO REWARD_PROGRAM_RULES (RULEID,DESCRIPTION,PROGRAMID,APPLICABLELIMIT, MULTIPLIER, BONUSPOINTS) VALUES(2,'Purchase Above 100',1,100,2,50);


INSERT INTO USER_PROGRAM (ID, USERID, PROGRAMID) VALUES (1,1,1);
INSERT INTO USER_PROGRAM (ID, USERID, PROGRAMID) VALUES (2,2,1);
INSERT INTO USER_PROGRAM (ID, USERID, PROGRAMID) VALUES (3,3,1);
INSERT INTO USER_PROGRAM (ID, USERID, PROGRAMID) VALUES (4,4,1);
INSERT INTO USER_PROGRAM (ID, USERID, PROGRAMID) VALUES (5,5,1);
INSERT INTO USER_PROGRAM (ID, USERID, PROGRAMID) VALUES (6,6,1);
INSERT INTO USER_PROGRAM (ID, USERID, PROGRAMID) VALUES (7,7,1);

INSERT INTO TRANSACTION("AMOUNT", "TRANSACTIONDATE", "DESCRIPTION", "USERID") VALUES(988.48, TO_DATE('11/12/2021', 'MM/dd/yyyy'), 'Grocery', 1);
INSERT INTO TRANSACTION("AMOUNT", "TRANSACTIONDATE", "DESCRIPTION", "USERID") VALUES(945.41, TO_DATE('11/11/2021', 'MM/dd/yyyy'), 'Grocery', 1);
INSERT INTO TRANSACTION("AMOUNT", "TRANSACTIONDATE", "DESCRIPTION", "USERID") VALUES(810.83, TO_DATE('11/10/2021', 'MM/dd/yyyy'), 'Furnishing', 1);
INSERT INTO TRANSACTION("AMOUNT", "TRANSACTIONDATE", "DESCRIPTION", "USERID") VALUES(509.74, TO_DATE('11/13/2021', 'MM/dd/yyyy'), 'Household', 1);
INSERT INTO TRANSACTION("AMOUNT", "TRANSACTIONDATE", "DESCRIPTION", "USERID") VALUES(988.48, TO_DATE('11/17/2021', 'MM/dd/yyyy'), 'Grocery', 1);
INSERT INTO TRANSACTION("AMOUNT", "TRANSACTIONDATE", "DESCRIPTION", "USERID") VALUES(945.41, TO_DATE('11/18/2021', 'MM/dd/yyyy'), 'Grocery', 1);
INSERT INTO TRANSACTION("AMOUNT", "TRANSACTIONDATE", "DESCRIPTION", "USERID") VALUES(810.83, TO_DATE('11/19/2021', 'MM/dd/yyyy'), 'Furnishing', 1);
INSERT INTO TRANSACTION("AMOUNT", "TRANSACTIONDATE", "DESCRIPTION", "USERID") VALUES(509.74, TO_DATE('11/20/2021', 'MM/dd/yyyy'), 'Household', 1);
INSERT INTO TRANSACTION("AMOUNT", "TRANSACTIONDATE", "DESCRIPTION", "USERID") VALUES(616.32, TO_DATE('12/10/2021', 'MM/dd/yyyy'), 'Furnishing', '1');
INSERT INTO TRANSACTION("AMOUNT", "TRANSACTIONDATE", "DESCRIPTION", "USERID") VALUES(646.32, TO_DATE('12/10/2021', 'MM/dd/yyyy'), 'Furnishing', '1');
INSERT INTO TRANSACTION("AMOUNT", "TRANSACTIONDATE", "DESCRIPTION", "USERID") VALUES(116.52, TO_DATE('12/09/2021', 'MM/dd/yyyy'), 'Furnishing', '1');
INSERT INTO TRANSACTION("AMOUNT", "TRANSACTIONDATE", "DESCRIPTION", "USERID") VALUES(689.67, TO_DATE('12/08/2021', 'MM/dd/yyyy'), 'Furnishing', '1');
INSERT INTO TRANSACTION("AMOUNT", "TRANSACTIONDATE", "DESCRIPTION", "USERID") VALUES(646.32, TO_DATE('09/02/2021', 'MM/dd/yyyy'), 'Furnishing', '1');
INSERT INTO TRANSACTION("AMOUNT", "TRANSACTIONDATE", "DESCRIPTION", "USERID") VALUES(968.23, TO_DATE('05/24/2021', 'MM/dd/yyyy'), 'Furnishing', 1);
INSERT INTO TRANSACTION("AMOUNT", "TRANSACTIONDATE", "DESCRIPTION", "USERID") VALUES(945.41, TO_DATE('10/22/2021', 'MM/dd/yyyy'), 'Grocery', 1);
INSERT INTO TRANSACTION("AMOUNT", "TRANSACTIONDATE", "DESCRIPTION", "USERID") VALUES(810.83, TO_DATE('08/03/2021', 'MM/dd/yyyy'), 'Furnishing', 1);
INSERT INTO TRANSACTION("AMOUNT", "TRANSACTIONDATE", "DESCRIPTION", "USERID") VALUES(509.74, TO_DATE('03/27/2021', 'MM/dd/yyyy'), 'Household', 1);
INSERT INTO TRANSACTION("AMOUNT", "TRANSACTIONDATE", "DESCRIPTION", "USERID") VALUES(245.17, TO_DATE('10/09/2021', 'MM/dd/yyyy'), 'Cosmetics', 1);
INSERT INTO TRANSACTION("AMOUNT", "TRANSACTIONDATE", "DESCRIPTION", "USERID") VALUES(777.19, TO_DATE('11/10/2021', 'MM/dd/yyyy'), 'Dairy', 1);
INSERT INTO TRANSACTION("AMOUNT", "TRANSACTIONDATE", "DESCRIPTION", "USERID") VALUES(643.28, TO_DATE('09/06/2021', 'MM/dd/yyyy'), 'Garden', 1);
INSERT INTO TRANSACTION("AMOUNT", "TRANSACTIONDATE", "DESCRIPTION", "USERID") VALUES(910.18, TO_DATE('09/05/2021', 'MM/dd/yyyy'), 'Furnishing', 1);
INSERT INTO TRANSACTION("AMOUNT", "TRANSACTIONDATE", "DESCRIPTION", "USERID") VALUES(567.4, TO_DATE('07/07/2021', 'MM/dd/yyyy'), 'Cosmetics', 1);
INSERT INTO TRANSACTION("AMOUNT", "TRANSACTIONDATE", "DESCRIPTION", "USERID") VALUES(745.39, TO_DATE('08/18/2021', 'MM/dd/yyyy'), 'Cosmetics', 1);
INSERT INTO TRANSACTION("AMOUNT", "TRANSACTIONDATE", "DESCRIPTION", "USERID") VALUES(606.59, TO_DATE('04/08/2021', 'MM/dd/yyyy'), 'Cosmetics', 1);
INSERT INTO TRANSACTION("AMOUNT", "TRANSACTIONDATE", "DESCRIPTION", "USERID") VALUES(446.13, TO_DATE('11/22/2021', 'MM/dd/yyyy'), 'Dairy', 1);
INSERT INTO TRANSACTION("AMOUNT", "TRANSACTIONDATE", "DESCRIPTION", "USERID") VALUES(719.94, TO_DATE('11/28/2021', 'MM/dd/yyyy'), 'Cosmetics', 1);
INSERT INTO TRANSACTION("AMOUNT", "TRANSACTIONDATE", "DESCRIPTION", "USERID") VALUES(761.81, TO_DATE('02/15/2021', 'MM/dd/yyyy'), 'Furnishing', 1);
INSERT INTO TRANSACTION("AMOUNT", "TRANSACTIONDATE", "DESCRIPTION", "USERID") VALUES(88.03, TO_DATE('07/22/2021', 'MM/dd/yyyy'), 'Grocery', 1);
INSERT INTO TRANSACTION("AMOUNT", "TRANSACTIONDATE", "DESCRIPTION", "USERID") VALUES(407.32, TO_DATE('08/13/2021', 'MM/dd/yyyy'), 'Cosmetics', 1);
INSERT INTO TRANSACTION("AMOUNT", "TRANSACTIONDATE", "DESCRIPTION", "USERID") VALUES(1026.57, TO_DATE('05/13/2021', 'MM/dd/yyyy'), 'Cosmetics', 1);
INSERT INTO TRANSACTION("AMOUNT", "TRANSACTIONDATE", "DESCRIPTION", "USERID") VALUES(427.68, TO_DATE('01/13/2021', 'MM/dd/yyyy'), 'Household', 1);
INSERT INTO TRANSACTION("AMOUNT", "TRANSACTIONDATE", "DESCRIPTION", "USERID") VALUES(259.01, TO_DATE('02/10/2021', 'MM/dd/yyyy'), 'Garden', 1);
INSERT INTO TRANSACTION("AMOUNT", "TRANSACTIONDATE", "DESCRIPTION", "USERID") VALUES(615.8, TO_DATE('08/27/2021', 'MM/dd/yyyy'), 'Cosmetics', 1);
INSERT INTO TRANSACTION("AMOUNT", "TRANSACTIONDATE", "DESCRIPTION", "USERID") VALUES(167.09, TO_DATE('11/01/2021', 'MM/dd/yyyy'), 'Grocery', 1);
INSERT INTO TRANSACTION("AMOUNT", "TRANSACTIONDATE", "DESCRIPTION", "USERID") VALUES(573.78, TO_DATE('05/06/2021', 'MM/dd/yyyy'), 'Grocery', 1);
INSERT INTO TRANSACTION("AMOUNT", "TRANSACTIONDATE", "DESCRIPTION", "USERID") VALUES(971.0, TO_DATE('10/27/2021', 'MM/dd/yyyy'), 'Cosmetics', 1);
INSERT INTO TRANSACTION("AMOUNT", "TRANSACTIONDATE", "DESCRIPTION", "USERID") VALUES(840.47, TO_DATE('04/17/2021', 'MM/dd/yyyy'), 'Furnishing', 1);
INSERT INTO TRANSACTION("AMOUNT", "TRANSACTIONDATE", "DESCRIPTION", "USERID") VALUES(463.23, TO_DATE('02/07/2021', 'MM/dd/yyyy'), 'Furnishing', 1);
INSERT INTO TRANSACTION("AMOUNT", "TRANSACTIONDATE", "DESCRIPTION", "USERID") VALUES(870.72, TO_DATE('08/18/2021', 'MM/dd/yyyy'), 'Furnishing', 1);
INSERT INTO TRANSACTION("AMOUNT", "TRANSACTIONDATE", "DESCRIPTION", "USERID") VALUES(942.74, TO_DATE('08/08/2021', 'MM/dd/yyyy'), 'Grocery', 1);
INSERT INTO TRANSACTION("AMOUNT", "TRANSACTIONDATE", "DESCRIPTION", "USERID") VALUES(734.2, TO_DATE('01/01/2021', 'MM/dd/yyyy'), 'Furnishing', 1);
INSERT INTO TRANSACTION("AMOUNT", "TRANSACTIONDATE", "DESCRIPTION", "USERID") VALUES(378.45, TO_DATE('10/08/2021', 'MM/dd/yyyy'), 'Cosmetics', 1);
INSERT INTO TRANSACTION("AMOUNT", "TRANSACTIONDATE", "DESCRIPTION", "USERID") VALUES(594.09, TO_DATE('01/16/2021', 'MM/dd/yyyy'), 'Household', 1);
INSERT INTO TRANSACTION("AMOUNT", "TRANSACTIONDATE", "DESCRIPTION", "USERID") VALUES(693.83, TO_DATE('03/15/2021', 'MM/dd/yyyy'), 'Dairy', 1);
INSERT INTO TRANSACTION("AMOUNT", "TRANSACTIONDATE", "DESCRIPTION", "USERID") VALUES(1018.47, TO_DATE('08/22/2021', 'MM/dd/yyyy'), 'Garden', 1);
INSERT INTO TRANSACTION("AMOUNT", "TRANSACTIONDATE", "DESCRIPTION", "USERID") VALUES(936.49, TO_DATE('02/17/2021', 'MM/dd/yyyy'), 'Dairy', 1);
INSERT INTO TRANSACTION("AMOUNT", "TRANSACTIONDATE", "DESCRIPTION", "USERID") VALUES(909.83, TO_DATE('03/11/2021', 'MM/dd/yyyy'), 'Cosmetics', 1);
INSERT INTO TRANSACTION("AMOUNT", "TRANSACTIONDATE", "DESCRIPTION", "USERID") VALUES(49.53, TO_DATE('07/02/2021', 'MM/dd/yyyy'), 'Cosmetics', 1);
INSERT INTO TRANSACTION("AMOUNT", "TRANSACTIONDATE", "DESCRIPTION", "USERID") VALUES(1010.53, TO_DATE('08/22/2021', 'MM/dd/yyyy'), 'Dairy', 1);
INSERT INTO TRANSACTION("AMOUNT", "TRANSACTIONDATE", "DESCRIPTION", "USERID") VALUES(443.69, TO_DATE('10/04/2021', 'MM/dd/yyyy'), 'Grocery', 1);
INSERT INTO TRANSACTION("AMOUNT", "TRANSACTIONDATE", "DESCRIPTION", "USERID") VALUES(504.49, TO_DATE('09/29/2021', 'MM/dd/yyyy'), 'Furnishing', 1);
INSERT INTO TRANSACTION("AMOUNT", "TRANSACTIONDATE", "DESCRIPTION", "USERID") VALUES(571.86, TO_DATE('01/03/2021', 'MM/dd/yyyy'), 'Dairy', 1);
INSERT INTO TRANSACTION("AMOUNT", "TRANSACTIONDATE", "DESCRIPTION", "USERID") VALUES(668.11, TO_DATE('06/19/2021', 'MM/dd/yyyy'), 'Garden', 1);
INSERT INTO TRANSACTION("AMOUNT", "TRANSACTIONDATE", "DESCRIPTION", "USERID") VALUES(950.15, TO_DATE('01/19/2021', 'MM/dd/yyyy'), 'Furnishing', 1);
INSERT INTO TRANSACTION("AMOUNT", "TRANSACTIONDATE", "DESCRIPTION", "USERID") VALUES(365.59, TO_DATE('04/08/2021', 'MM/dd/yyyy'), 'Cosmetics', 1);
INSERT INTO TRANSACTION("AMOUNT", "TRANSACTIONDATE", "DESCRIPTION", "USERID") VALUES(382.02, TO_DATE('03/29/2021', 'MM/dd/yyyy'), 'Dairy', 1);
INSERT INTO TRANSACTION("AMOUNT", "TRANSACTIONDATE", "DESCRIPTION", "USERID") VALUES(66.69, TO_DATE('11/01/2021', 'MM/dd/yyyy'), 'Furnishing', 1);
INSERT INTO TRANSACTION("AMOUNT", "TRANSACTIONDATE", "DESCRIPTION", "USERID") VALUES(834.63, TO_DATE('02/18/2021', 'MM/dd/yyyy'), 'Dairy', 1);
INSERT INTO TRANSACTION("AMOUNT", "TRANSACTIONDATE", "DESCRIPTION", "USERID") VALUES(817.07, TO_DATE('01/05/2021', 'MM/dd/yyyy'), 'Dairy', 1);
INSERT INTO TRANSACTION("AMOUNT", "TRANSACTIONDATE", "DESCRIPTION", "USERID") VALUES(449.04, TO_DATE('06/22/2021', 'MM/dd/yyyy'), 'Garden', 1);
INSERT INTO TRANSACTION("AMOUNT", "TRANSACTIONDATE", "DESCRIPTION", "USERID") VALUES(124.29, TO_DATE('01/29/2021', 'MM/dd/yyyy'), 'Household', 1);
INSERT INTO TRANSACTION("AMOUNT", "TRANSACTIONDATE", "DESCRIPTION", "USERID") VALUES(218.25, TO_DATE('01/11/2021', 'MM/dd/yyyy'), 'Garden', 1);
INSERT INTO TRANSACTION("AMOUNT", "TRANSACTIONDATE", "DESCRIPTION", "USERID") VALUES(74.66, TO_DATE('11/01/2021', 'MM/dd/yyyy'), 'Furnishing', 1);
INSERT INTO TRANSACTION("AMOUNT", "TRANSACTIONDATE", "DESCRIPTION", "USERID") VALUES(1089.81, TO_DATE('10/22/2021', 'MM/dd/yyyy'), 'Furnishing', 1);
INSERT INTO TRANSACTION("AMOUNT", "TRANSACTIONDATE", "DESCRIPTION", "USERID") VALUES(758.81, TO_DATE('10/27/2021', 'MM/dd/yyyy'), 'Garden', 1);
INSERT INTO TRANSACTION("AMOUNT", "TRANSACTIONDATE", "DESCRIPTION", "USERID") VALUES(132.02, TO_DATE('04/14/2021', 'MM/dd/yyyy'), 'Cosmetics', 1);
INSERT INTO TRANSACTION("AMOUNT", "TRANSACTIONDATE", "DESCRIPTION", "USERID") VALUES(316.41, TO_DATE('01/19/2021', 'MM/dd/yyyy'), 'Household', 1);
INSERT INTO TRANSACTION("AMOUNT", "TRANSACTIONDATE", "DESCRIPTION", "USERID") VALUES(125.34, TO_DATE('04/18/2021', 'MM/dd/yyyy'), 'Furnishing', 1);
INSERT INTO TRANSACTION("AMOUNT", "TRANSACTIONDATE", "DESCRIPTION", "USERID") VALUES(292.86, TO_DATE('07/08/2021', 'MM/dd/yyyy'), 'Grocery', 1);
INSERT INTO TRANSACTION("AMOUNT", "TRANSACTIONDATE", "DESCRIPTION", "USERID") VALUES(343.11, TO_DATE('06/27/2021', 'MM/dd/yyyy'), 'Grocery', 1);
INSERT INTO TRANSACTION("AMOUNT", "TRANSACTIONDATE", "DESCRIPTION", "USERID") VALUES(13.18, TO_DATE('05/18/2021', 'MM/dd/yyyy'), 'Grocery', 1);
INSERT INTO TRANSACTION("AMOUNT", "TRANSACTIONDATE", "DESCRIPTION", "USERID") VALUES(868.26, TO_DATE('06/27/2021', 'MM/dd/yyyy'), 'Grocery', 1);
INSERT INTO TRANSACTION("AMOUNT", "TRANSACTIONDATE", "DESCRIPTION", "USERID") VALUES(1011.22, TO_DATE('09/08/2021', 'MM/dd/yyyy'), 'Dairy', 1);
INSERT INTO TRANSACTION("AMOUNT", "TRANSACTIONDATE", "DESCRIPTION", "USERID") VALUES(744.91, TO_DATE('10/02/2021', 'MM/dd/yyyy'), 'Dairy', 1);
INSERT INTO TRANSACTION("AMOUNT", "TRANSACTIONDATE", "DESCRIPTION", "USERID") VALUES(314.2, TO_DATE('11/13/2021', 'MM/dd/yyyy'), 'Cosmetics', 1);
INSERT INTO TRANSACTION("AMOUNT", "TRANSACTIONDATE", "DESCRIPTION", "USERID") VALUES(1056.73, TO_DATE('10/08/2021', 'MM/dd/yyyy'), 'Grocery', 1);
INSERT INTO TRANSACTION("AMOUNT", "TRANSACTIONDATE", "DESCRIPTION", "USERID") VALUES(705.77, TO_DATE('04/26/2021', 'MM/dd/yyyy'), 'Furnishing', 1);
INSERT INTO TRANSACTION("AMOUNT", "TRANSACTIONDATE", "DESCRIPTION", "USERID") VALUES(315.92, TO_DATE('01/19/2021', 'MM/dd/yyyy'), 'Furnishing', 1);
INSERT INTO TRANSACTION("AMOUNT", "TRANSACTIONDATE", "DESCRIPTION", "USERID") VALUES(962.66, TO_DATE('08/17/2021', 'MM/dd/yyyy'), 'Cosmetics', 1);
INSERT INTO TRANSACTION("AMOUNT", "TRANSACTIONDATE", "DESCRIPTION", "USERID") VALUES(339.56, TO_DATE('04/15/2021', 'MM/dd/yyyy'), 'Cosmetics', 1);
INSERT INTO TRANSACTION("AMOUNT", "TRANSACTIONDATE", "DESCRIPTION", "USERID") VALUES(182.97, TO_DATE('06/28/2021', 'MM/dd/yyyy'), 'Household', 1);
INSERT INTO TRANSACTION("AMOUNT", "TRANSACTIONDATE", "DESCRIPTION", "USERID") VALUES(732.39, TO_DATE('10/10/2021', 'MM/dd/yyyy'), 'Household', 1);
INSERT INTO TRANSACTION("AMOUNT", "TRANSACTIONDATE", "DESCRIPTION", "USERID") VALUES(456.33, TO_DATE('02/24/2021', 'MM/dd/yyyy'), 'Grocery', 1);
INSERT INTO TRANSACTION("AMOUNT", "TRANSACTIONDATE", "DESCRIPTION", "USERID") VALUES(697.6, TO_DATE('03/25/2021', 'MM/dd/yyyy'), 'Dairy', 1);
INSERT INTO TRANSACTION("AMOUNT", "TRANSACTIONDATE", "DESCRIPTION", "USERID") VALUES(28.89, TO_DATE('07/26/2021', 'MM/dd/yyyy'), 'Household', 1);
INSERT INTO TRANSACTION("AMOUNT", "TRANSACTIONDATE", "DESCRIPTION", "USERID") VALUES(1009.76, TO_DATE('08/12/2021', 'MM/dd/yyyy'), 'Cosmetics', 1);
INSERT INTO TRANSACTION("AMOUNT", "TRANSACTIONDATE", "DESCRIPTION", "USERID") VALUES(998.29, TO_DATE('10/12/2021', 'MM/dd/yyyy'), 'Household', 1);
INSERT INTO TRANSACTION("AMOUNT", "TRANSACTIONDATE", "DESCRIPTION", "USERID") VALUES(346.49, TO_DATE('04/08/2021', 'MM/dd/yyyy'), 'Garden', 1);
INSERT INTO TRANSACTION("AMOUNT", "TRANSACTIONDATE", "DESCRIPTION", "USERID") VALUES(256.78, TO_DATE('05/05/2021', 'MM/dd/yyyy'), 'Grocery', 1);
INSERT INTO TRANSACTION("AMOUNT", "TRANSACTIONDATE", "DESCRIPTION", "USERID") VALUES(67.92, TO_DATE('06/09/2021', 'MM/dd/yyyy'), 'Household', 1);
INSERT INTO TRANSACTION("AMOUNT", "TRANSACTIONDATE", "DESCRIPTION", "USERID") VALUES(252.55, TO_DATE('09/27/2021', 'MM/dd/yyyy'), 'Dairy', 1);
INSERT INTO TRANSACTION("AMOUNT", "TRANSACTIONDATE", "DESCRIPTION", "USERID") VALUES(195.64, TO_DATE('04/26/2021', 'MM/dd/yyyy'), 'Cosmetics', 1);
INSERT INTO TRANSACTION("AMOUNT", "TRANSACTIONDATE", "DESCRIPTION", "USERID") VALUES(112.2, TO_DATE('04/10/2021', 'MM/dd/yyyy'), 'Cosmetics', 1);
INSERT INTO TRANSACTION("AMOUNT", "TRANSACTIONDATE", "DESCRIPTION", "USERID") VALUES(135.18, TO_DATE('01/21/2021', 'MM/dd/yyyy'), 'Cosmetics', 1);
INSERT INTO TRANSACTION("AMOUNT", "TRANSACTIONDATE", "DESCRIPTION", "USERID") VALUES(969.87, TO_DATE('11/18/2021', 'MM/dd/yyyy'), 'Furnishing', 1);
INSERT INTO TRANSACTION("AMOUNT", "TRANSACTIONDATE", "DESCRIPTION", "USERID") VALUES(518.56, TO_DATE('06/16/2021', 'MM/dd/yyyy'), 'Grocery', 1);
INSERT INTO TRANSACTION("AMOUNT", "TRANSACTIONDATE", "DESCRIPTION", "USERID") VALUES(760.6, TO_DATE('03/02/2021', 'MM/dd/yyyy'), 'Garden', 1);
INSERT INTO TRANSACTION("AMOUNT", "TRANSACTIONDATE", "DESCRIPTION", "USERID") VALUES(636.15, TO_DATE('01/03/2021', 'MM/dd/yyyy'), 'Dairy', 1);
INSERT INTO TRANSACTION("AMOUNT", "TRANSACTIONDATE", "DESCRIPTION", "USERID") VALUES(878.53, TO_DATE('07/15/2021', 'MM/dd/yyyy'), 'Furnishing', 1);
INSERT INTO TRANSACTION("AMOUNT", "TRANSACTIONDATE", "DESCRIPTION", "USERID") VALUES(369.36, TO_DATE('06/20/2021', 'MM/dd/yyyy'), 'Grocery', 1);
INSERT INTO TRANSACTION("AMOUNT", "TRANSACTIONDATE", "DESCRIPTION", "USERID") VALUES(502.57, TO_DATE('07/28/2021', 'MM/dd/yyyy'), 'Garden', 1);
INSERT INTO TRANSACTION("AMOUNT", "TRANSACTIONDATE", "DESCRIPTION", "USERID") VALUES(548.26, TO_DATE('03/14/2021', 'MM/dd/yyyy'), 'Grocery', 1);
INSERT INTO TRANSACTION("AMOUNT", "TRANSACTIONDATE", "DESCRIPTION", "USERID") VALUES(445.14, TO_DATE('08/15/2021', 'MM/dd/yyyy'), 'Household', 1);
INSERT INTO TRANSACTION("AMOUNT", "TRANSACTIONDATE", "DESCRIPTION", "USERID") VALUES(290.71, TO_DATE('05/26/2021', 'MM/dd/yyyy'), 'Dairy', 1);
INSERT INTO TRANSACTION("AMOUNT", "TRANSACTIONDATE", "DESCRIPTION", "USERID") VALUES(501.54, TO_DATE('06/21/2021', 'MM/dd/yyyy'), 'Household', 1);
INSERT INTO TRANSACTION("AMOUNT", "TRANSACTIONDATE", "DESCRIPTION", "USERID") VALUES(1052.22, TO_DATE('08/13/2021', 'MM/dd/yyyy'), 'Garden', 1);
INSERT INTO TRANSACTION("AMOUNT", "TRANSACTIONDATE", "DESCRIPTION", "USERID") VALUES(710.55, TO_DATE('04/09/2021', 'MM/dd/yyyy'), 'Furnishing', 1);
INSERT INTO TRANSACTION("AMOUNT", "TRANSACTIONDATE", "DESCRIPTION", "USERID") VALUES(137.94, TO_DATE('05/28/2021', 'MM/dd/yyyy'), 'Garden', 1);
INSERT INTO TRANSACTION("AMOUNT", "TRANSACTIONDATE", "DESCRIPTION", "USERID") VALUES(859.0, TO_DATE('08/08/2021', 'MM/dd/yyyy'), 'Household', 1);
INSERT INTO TRANSACTION("AMOUNT", "TRANSACTIONDATE", "DESCRIPTION", "USERID") VALUES(301.14, TO_DATE('09/29/2021', 'MM/dd/yyyy'), 'Grocery', 1);
INSERT INTO TRANSACTION("AMOUNT", "TRANSACTIONDATE", "DESCRIPTION", "USERID") VALUES(465.68, TO_DATE('09/21/2021', 'MM/dd/yyyy'), 'Dairy', 1);
INSERT INTO TRANSACTION("AMOUNT", "TRANSACTIONDATE", "DESCRIPTION", "USERID") VALUES(194.51, TO_DATE('01/23/2021', 'MM/dd/yyyy'), 'Dairy', 1);
INSERT INTO TRANSACTION("AMOUNT", "TRANSACTIONDATE", "DESCRIPTION", "USERID") VALUES(662.39, TO_DATE('01/27/2021', 'MM/dd/yyyy'), 'Grocery', 1);

INSERT INTO TRANSACTION("AMOUNT", "TRANSACTIONDATE", "DESCRIPTION", "USERID") VALUES(334.74, TO_DATE('06/16/2021', 'MM/dd/yyyy'), 'Household', 2);
INSERT INTO TRANSACTION("AMOUNT", "TRANSACTIONDATE", "DESCRIPTION", "USERID") VALUES(951.81, TO_DATE('10/15/2021', 'MM/dd/yyyy'), 'Grocery', 2);
INSERT INTO TRANSACTION("AMOUNT", "TRANSACTIONDATE", "DESCRIPTION", "USERID") VALUES(649.01, TO_DATE('05/16/2021', 'MM/dd/yyyy'), 'Cosmetics', 2);
INSERT INTO TRANSACTION("AMOUNT", "TRANSACTIONDATE", "DESCRIPTION", "USERID") VALUES(68.26, TO_DATE('09/04/2021', 'MM/dd/yyyy'), 'Cosmetics', 2);
INSERT INTO TRANSACTION("AMOUNT", "TRANSACTIONDATE", "DESCRIPTION", "USERID") VALUES(86.25, TO_DATE('03/25/2021', 'MM/dd/yyyy'), 'Household', 2);
INSERT INTO TRANSACTION("AMOUNT", "TRANSACTIONDATE", "DESCRIPTION", "USERID") VALUES(400.76, TO_DATE('06/17/2021', 'MM/dd/yyyy'), 'Household', 2);
INSERT INTO TRANSACTION("AMOUNT", "TRANSACTIONDATE", "DESCRIPTION", "USERID") VALUES(705.06, TO_DATE('10/19/2021', 'MM/dd/yyyy'), 'Cosmetics', 2);
INSERT INTO TRANSACTION("AMOUNT", "TRANSACTIONDATE", "DESCRIPTION", "USERID") VALUES(121.56, TO_DATE('04/05/2021', 'MM/dd/yyyy'), 'Grocery', 2);
INSERT INTO TRANSACTION("AMOUNT", "TRANSACTIONDATE", "DESCRIPTION", "USERID") VALUES(177.16, TO_DATE('02/14/2021', 'MM/dd/yyyy'), 'Dairy', 2);
INSERT INTO TRANSACTION("AMOUNT", "TRANSACTIONDATE", "DESCRIPTION", "USERID") VALUES(1041.14, TO_DATE('05/28/2021', 'MM/dd/yyyy'), 'Garden', 2);
INSERT INTO TRANSACTION("AMOUNT", "TRANSACTIONDATE", "DESCRIPTION", "USERID") VALUES(1053.2, TO_DATE('04/17/2021', 'MM/dd/yyyy'), 'Cosmetics', 2);
INSERT INTO TRANSACTION("AMOUNT", "TRANSACTIONDATE", "DESCRIPTION", "USERID") VALUES(343.72, TO_DATE('04/09/2021', 'MM/dd/yyyy'), 'Garden', 2);
INSERT INTO TRANSACTION("AMOUNT", "TRANSACTIONDATE", "DESCRIPTION", "USERID") VALUES(20.25, TO_DATE('02/11/2021', 'MM/dd/yyyy'), 'Garden', 2);
INSERT INTO TRANSACTION("AMOUNT", "TRANSACTIONDATE", "DESCRIPTION", "USERID") VALUES(764.58, TO_DATE('04/16/2021', 'MM/dd/yyyy'), 'Cosmetics', 2);
INSERT INTO TRANSACTION("AMOUNT", "TRANSACTIONDATE", "DESCRIPTION", "USERID") VALUES(602.16, TO_DATE('10/12/2021', 'MM/dd/yyyy'), 'Garden', 2);
INSERT INTO TRANSACTION("AMOUNT", "TRANSACTIONDATE", "DESCRIPTION", "USERID") VALUES(501.76, TO_DATE('07/20/2021', 'MM/dd/yyyy'), 'Grocery', 2);
INSERT INTO TRANSACTION("AMOUNT", "TRANSACTIONDATE", "DESCRIPTION", "USERID") VALUES(376.17, TO_DATE('02/26/2021', 'MM/dd/yyyy'), 'Grocery', 2);
INSERT INTO TRANSACTION("AMOUNT", "TRANSACTIONDATE", "DESCRIPTION", "USERID") VALUES(726.58, TO_DATE('04/21/2021', 'MM/dd/yyyy'), 'Furnishing', 2);
INSERT INTO TRANSACTION("AMOUNT", "TRANSACTIONDATE", "DESCRIPTION", "USERID") VALUES(1061.72, TO_DATE('09/26/2021', 'MM/dd/yyyy'), 'Cosmetics', 2);
INSERT INTO TRANSACTION("AMOUNT", "TRANSACTIONDATE", "DESCRIPTION", "USERID") VALUES(160.37, TO_DATE('02/28/2021', 'MM/dd/yyyy'), 'Grocery', 2);
INSERT INTO TRANSACTION("AMOUNT", "TRANSACTIONDATE", "DESCRIPTION", "USERID") VALUES(730.01, TO_DATE('05/24/2021', 'MM/dd/yyyy'), 'Garden', 2);
INSERT INTO TRANSACTION("AMOUNT", "TRANSACTIONDATE", "DESCRIPTION", "USERID") VALUES(957.13, TO_DATE('02/22/2021', 'MM/dd/yyyy'), 'Garden', 2);
INSERT INTO TRANSACTION("AMOUNT", "TRANSACTIONDATE", "DESCRIPTION", "USERID") VALUES(685.23, TO_DATE('08/15/2021', 'MM/dd/yyyy'), 'Household', 2);
INSERT INTO TRANSACTION("AMOUNT", "TRANSACTIONDATE", "DESCRIPTION", "USERID") VALUES(264.17, TO_DATE('05/04/2021', 'MM/dd/yyyy'), 'Dairy', 2);
INSERT INTO TRANSACTION("AMOUNT", "TRANSACTIONDATE", "DESCRIPTION", "USERID") VALUES(980.99, TO_DATE('04/08/2021', 'MM/dd/yyyy'), 'Dairy', 2);
INSERT INTO TRANSACTION("AMOUNT", "TRANSACTIONDATE", "DESCRIPTION", "USERID") VALUES(965.77, TO_DATE('04/07/2021', 'MM/dd/yyyy'), 'Cosmetics', 2);
INSERT INTO TRANSACTION("AMOUNT", "TRANSACTIONDATE", "DESCRIPTION", "USERID") VALUES(227.82, TO_DATE('08/19/2021', 'MM/dd/yyyy'), 'Cosmetics', 2);
INSERT INTO TRANSACTION("AMOUNT", "TRANSACTIONDATE", "DESCRIPTION", "USERID") VALUES(176.76, TO_DATE('08/14/2021', 'MM/dd/yyyy'), 'Dairy', 2);
INSERT INTO TRANSACTION("AMOUNT", "TRANSACTIONDATE", "DESCRIPTION", "USERID") VALUES(360.37, TO_DATE('08/03/2021', 'MM/dd/yyyy'), 'Furnishing', 2);
INSERT INTO TRANSACTION("AMOUNT", "TRANSACTIONDATE", "DESCRIPTION", "USERID") VALUES(436.0, TO_DATE('05/03/2021', 'MM/dd/yyyy'), 'Grocery', 2);
INSERT INTO TRANSACTION("AMOUNT", "TRANSACTIONDATE", "DESCRIPTION", "USERID") VALUES(955.19, TO_DATE('05/01/2021', 'MM/dd/yyyy'), 'Garden', 2);
INSERT INTO TRANSACTION("AMOUNT", "TRANSACTIONDATE", "DESCRIPTION", "USERID") VALUES(531.82, TO_DATE('02/15/2021', 'MM/dd/yyyy'), 'Grocery', 2);
INSERT INTO TRANSACTION("AMOUNT", "TRANSACTIONDATE", "DESCRIPTION", "USERID") VALUES(662.51, TO_DATE('11/30/2021', 'MM/dd/yyyy'), 'Grocery', 2);
INSERT INTO TRANSACTION("AMOUNT", "TRANSACTIONDATE", "DESCRIPTION", "USERID") VALUES(554.22, TO_DATE('08/20/2021', 'MM/dd/yyyy'), 'Garden', 2);
INSERT INTO TRANSACTION("AMOUNT", "TRANSACTIONDATE", "DESCRIPTION", "USERID") VALUES(698.18, TO_DATE('06/10/2021', 'MM/dd/yyyy'), 'Grocery', 2);
INSERT INTO TRANSACTION("AMOUNT", "TRANSACTIONDATE", "DESCRIPTION", "USERID") VALUES(451.06, TO_DATE('05/27/2021', 'MM/dd/yyyy'), 'Furnishing', 2);
INSERT INTO TRANSACTION("AMOUNT", "TRANSACTIONDATE", "DESCRIPTION", "USERID") VALUES(164.04, TO_DATE('05/19/2021', 'MM/dd/yyyy'), 'Garden', 2);
INSERT INTO TRANSACTION("AMOUNT", "TRANSACTIONDATE", "DESCRIPTION", "USERID") VALUES(1067.94, TO_DATE('07/11/2021', 'MM/dd/yyyy'), 'Cosmetics', 2);
INSERT INTO TRANSACTION("AMOUNT", "TRANSACTIONDATE", "DESCRIPTION", "USERID") VALUES(487.86, TO_DATE('02/19/2021', 'MM/dd/yyyy'), 'Dairy', 2);
INSERT INTO TRANSACTION("AMOUNT", "TRANSACTIONDATE", "DESCRIPTION", "USERID") VALUES(574.03, TO_DATE('01/26/2021', 'MM/dd/yyyy'), 'Furnishing', 2);
INSERT INTO TRANSACTION("AMOUNT", "TRANSACTIONDATE", "DESCRIPTION", "USERID") VALUES(576.25, TO_DATE('03/03/2021', 'MM/dd/yyyy'), 'Dairy', 2);
INSERT INTO TRANSACTION("AMOUNT", "TRANSACTIONDATE", "DESCRIPTION", "USERID") VALUES(158.51, TO_DATE('10/19/2021', 'MM/dd/yyyy'), 'Dairy', 2);
INSERT INTO TRANSACTION("AMOUNT", "TRANSACTIONDATE", "DESCRIPTION", "USERID") VALUES(516.44, TO_DATE('03/13/2021', 'MM/dd/yyyy'), 'Furnishing', 2);
INSERT INTO TRANSACTION("AMOUNT", "TRANSACTIONDATE", "DESCRIPTION", "USERID") VALUES(454.96, TO_DATE('01/08/2021', 'MM/dd/yyyy'), 'Dairy', 2);
INSERT INTO TRANSACTION("AMOUNT", "TRANSACTIONDATE", "DESCRIPTION", "USERID") VALUES(325.65, TO_DATE('09/30/2021', 'MM/dd/yyyy'), 'Household', 2);
INSERT INTO TRANSACTION("AMOUNT", "TRANSACTIONDATE", "DESCRIPTION", "USERID") VALUES(943.27, TO_DATE('01/08/2021', 'MM/dd/yyyy'), 'Grocery', 2);
INSERT INTO TRANSACTION("AMOUNT", "TRANSACTIONDATE", "DESCRIPTION", "USERID") VALUES(138.71, TO_DATE('03/16/2021', 'MM/dd/yyyy'), 'Household', 2);
INSERT INTO TRANSACTION("AMOUNT", "TRANSACTIONDATE", "DESCRIPTION", "USERID") VALUES(681.45, TO_DATE('11/22/2021', 'MM/dd/yyyy'), 'Grocery', 2);
INSERT INTO TRANSACTION("AMOUNT", "TRANSACTIONDATE", "DESCRIPTION", "USERID") VALUES(867.67, TO_DATE('01/07/2021', 'MM/dd/yyyy'), 'Garden', 2);
INSERT INTO TRANSACTION("AMOUNT", "TRANSACTIONDATE", "DESCRIPTION", "USERID") VALUES(81.99, TO_DATE('08/18/2021', 'MM/dd/yyyy'), 'Household', 2);
INSERT INTO TRANSACTION("AMOUNT", "TRANSACTIONDATE", "DESCRIPTION", "USERID") VALUES(279.23, TO_DATE('01/27/2021', 'MM/dd/yyyy'), 'Furnishing', 2);
INSERT INTO TRANSACTION("AMOUNT", "TRANSACTIONDATE", "DESCRIPTION", "USERID") VALUES(450.02, TO_DATE('06/17/2021', 'MM/dd/yyyy'), 'Grocery', 2);
INSERT INTO TRANSACTION("AMOUNT", "TRANSACTIONDATE", "DESCRIPTION", "USERID") VALUES(418.5, TO_DATE('06/30/2021', 'MM/dd/yyyy'), 'Garden', 2);
INSERT INTO TRANSACTION("AMOUNT", "TRANSACTIONDATE", "DESCRIPTION", "USERID") VALUES(452.91, TO_DATE('10/09/2021', 'MM/dd/yyyy'), 'Furnishing', 2);
INSERT INTO TRANSACTION("AMOUNT", "TRANSACTIONDATE", "DESCRIPTION", "USERID") VALUES(70.14, TO_DATE('09/05/2021', 'MM/dd/yyyy'), 'Garden', 2);
INSERT INTO TRANSACTION("AMOUNT", "TRANSACTIONDATE", "DESCRIPTION", "USERID") VALUES(953.71, TO_DATE('01/25/2021', 'MM/dd/yyyy'), 'Garden', 2);
INSERT INTO TRANSACTION("AMOUNT", "TRANSACTIONDATE", "DESCRIPTION", "USERID") VALUES(720.16, TO_DATE('10/20/2021', 'MM/dd/yyyy'), 'Cosmetics', 2);
INSERT INTO TRANSACTION("AMOUNT", "TRANSACTIONDATE", "DESCRIPTION", "USERID") VALUES(483.0, TO_DATE('11/20/2021', 'MM/dd/yyyy'), 'Household', 2);
INSERT INTO TRANSACTION("AMOUNT", "TRANSACTIONDATE", "DESCRIPTION", "USERID") VALUES(254.65, TO_DATE('02/20/2021', 'MM/dd/yyyy'), 'Dairy', 2);
INSERT INTO TRANSACTION("AMOUNT", "TRANSACTIONDATE", "DESCRIPTION", "USERID") VALUES(956.45, TO_DATE('05/04/2021', 'MM/dd/yyyy'), 'Garden', 2);
INSERT INTO TRANSACTION("AMOUNT", "TRANSACTIONDATE", "DESCRIPTION", "USERID") VALUES(133.65, TO_DATE('11/01/2021', 'MM/dd/yyyy'), 'Dairy', 2);
INSERT INTO TRANSACTION("AMOUNT", "TRANSACTIONDATE", "DESCRIPTION", "USERID") VALUES(1007.8, TO_DATE('11/29/2021', 'MM/dd/yyyy'), 'Cosmetics', 2);
INSERT INTO TRANSACTION("AMOUNT", "TRANSACTIONDATE", "DESCRIPTION", "USERID") VALUES(821.23, TO_DATE('05/07/2021', 'MM/dd/yyyy'), 'Garden', 2);
INSERT INTO TRANSACTION("AMOUNT", "TRANSACTIONDATE", "DESCRIPTION", "USERID") VALUES(359.46, TO_DATE('11/13/2021', 'MM/dd/yyyy'), 'Garden', 2);
INSERT INTO TRANSACTION("AMOUNT", "TRANSACTIONDATE", "DESCRIPTION", "USERID") VALUES(855.36, TO_DATE('04/02/2021', 'MM/dd/yyyy'), 'Garden', 2);
INSERT INTO TRANSACTION("AMOUNT", "TRANSACTIONDATE", "DESCRIPTION", "USERID") VALUES(775.56, TO_DATE('03/03/2021', 'MM/dd/yyyy'), 'Household', 2);
INSERT INTO TRANSACTION("AMOUNT", "TRANSACTIONDATE", "DESCRIPTION", "USERID") VALUES(1043.37, TO_DATE('11/11/2021', 'MM/dd/yyyy'), 'Garden', 2);
INSERT INTO TRANSACTION("AMOUNT", "TRANSACTIONDATE", "DESCRIPTION", "USERID") VALUES(314.49, TO_DATE('11/16/2021', 'MM/dd/yyyy'), 'Cosmetics', 2);
INSERT INTO TRANSACTION("AMOUNT", "TRANSACTIONDATE", "DESCRIPTION", "USERID") VALUES(281.57, TO_DATE('05/16/2021', 'MM/dd/yyyy'), 'Garden', 2);
INSERT INTO TRANSACTION("AMOUNT", "TRANSACTIONDATE", "DESCRIPTION", "USERID") VALUES(760.87, TO_DATE('03/07/2021', 'MM/dd/yyyy'), 'Grocery', 2);
INSERT INTO TRANSACTION("AMOUNT", "TRANSACTIONDATE", "DESCRIPTION", "USERID") VALUES(290.08, TO_DATE('07/13/2021', 'MM/dd/yyyy'), 'Dairy', 2);
INSERT INTO TRANSACTION("AMOUNT", "TRANSACTIONDATE", "DESCRIPTION", "USERID") VALUES(429.0, TO_DATE('11/05/2021', 'MM/dd/yyyy'), 'Dairy', 2);
INSERT INTO TRANSACTION("AMOUNT", "TRANSACTIONDATE", "DESCRIPTION", "USERID") VALUES(856.13, TO_DATE('02/20/2021', 'MM/dd/yyyy'), 'Cosmetics', 2);
INSERT INTO TRANSACTION("AMOUNT", "TRANSACTIONDATE", "DESCRIPTION", "USERID") VALUES(392.64, TO_DATE('06/24/2021', 'MM/dd/yyyy'), 'Grocery', 2);
INSERT INTO TRANSACTION("AMOUNT", "TRANSACTIONDATE", "DESCRIPTION", "USERID") VALUES(152.07, TO_DATE('10/05/2021', 'MM/dd/yyyy'), 'Furnishing', 2);
INSERT INTO TRANSACTION("AMOUNT", "TRANSACTIONDATE", "DESCRIPTION", "USERID") VALUES(148.26, TO_DATE('07/04/2021', 'MM/dd/yyyy'), 'Cosmetics', 2);
INSERT INTO TRANSACTION("AMOUNT", "TRANSACTIONDATE", "DESCRIPTION", "USERID") VALUES(796.34, TO_DATE('11/30/2021', 'MM/dd/yyyy'), 'Furnishing', 2);
INSERT INTO TRANSACTION("AMOUNT", "TRANSACTIONDATE", "DESCRIPTION", "USERID") VALUES(411.54, TO_DATE('07/11/2021', 'MM/dd/yyyy'), 'Cosmetics', 2);
INSERT INTO TRANSACTION("AMOUNT", "TRANSACTIONDATE", "DESCRIPTION", "USERID") VALUES(798.52, TO_DATE('11/24/2021', 'MM/dd/yyyy'), 'Furnishing', 2);
INSERT INTO TRANSACTION("AMOUNT", "TRANSACTIONDATE", "DESCRIPTION", "USERID") VALUES(499.34, TO_DATE('11/02/2021', 'MM/dd/yyyy'), 'Household', 2);
INSERT INTO TRANSACTION("AMOUNT", "TRANSACTIONDATE", "DESCRIPTION", "USERID") VALUES(31.91, TO_DATE('07/28/2021', 'MM/dd/yyyy'), 'Garden', 2);
INSERT INTO TRANSACTION("AMOUNT", "TRANSACTIONDATE", "DESCRIPTION", "USERID") VALUES(911.82, TO_DATE('08/09/2021', 'MM/dd/yyyy'), 'Garden', 2);
INSERT INTO TRANSACTION("AMOUNT", "TRANSACTIONDATE", "DESCRIPTION", "USERID") VALUES(829.55, TO_DATE('07/10/2021', 'MM/dd/yyyy'), 'Dairy', 2);
INSERT INTO TRANSACTION("AMOUNT", "TRANSACTIONDATE", "DESCRIPTION", "USERID") VALUES(202.04, TO_DATE('08/17/2021', 'MM/dd/yyyy'), 'Furnishing', 2);
INSERT INTO TRANSACTION("AMOUNT", "TRANSACTIONDATE", "DESCRIPTION", "USERID") VALUES(102.23, TO_DATE('02/26/2021', 'MM/dd/yyyy'), 'Garden', 2);
INSERT INTO TRANSACTION("AMOUNT", "TRANSACTIONDATE", "DESCRIPTION", "USERID") VALUES(562.61, TO_DATE('07/22/2021', 'MM/dd/yyyy'), 'Grocery', 2);
INSERT INTO TRANSACTION("AMOUNT", "TRANSACTIONDATE", "DESCRIPTION", "USERID") VALUES(79.41, TO_DATE('01/16/2021', 'MM/dd/yyyy'), 'Dairy', 2);
INSERT INTO TRANSACTION("AMOUNT", "TRANSACTIONDATE", "DESCRIPTION", "USERID") VALUES(861.76, TO_DATE('10/28/2021', 'MM/dd/yyyy'), 'Household', 2);
INSERT INTO TRANSACTION("AMOUNT", "TRANSACTIONDATE", "DESCRIPTION", "USERID") VALUES(736.62, TO_DATE('09/30/2021', 'MM/dd/yyyy'), 'Furnishing', 2);
INSERT INTO TRANSACTION("AMOUNT", "TRANSACTIONDATE", "DESCRIPTION", "USERID") VALUES(823.52, TO_DATE('06/21/2021', 'MM/dd/yyyy'), 'Garden', 2);
INSERT INTO TRANSACTION("AMOUNT", "TRANSACTIONDATE", "DESCRIPTION", "USERID") VALUES(465.2, TO_DATE('03/15/2021', 'MM/dd/yyyy'), 'Grocery', 2);
INSERT INTO TRANSACTION("AMOUNT", "TRANSACTIONDATE", "DESCRIPTION", "USERID") VALUES(1079.18, TO_DATE('06/30/2021', 'MM/dd/yyyy'), 'Garden', 2);
INSERT INTO TRANSACTION("AMOUNT", "TRANSACTIONDATE", "DESCRIPTION", "USERID") VALUES(202.91, TO_DATE('01/02/2021', 'MM/dd/yyyy'), 'Garden', 2);
INSERT INTO TRANSACTION("AMOUNT", "TRANSACTIONDATE", "DESCRIPTION", "USERID") VALUES(439.79, TO_DATE('03/07/2021', 'MM/dd/yyyy'), 'Dairy', 2);
INSERT INTO TRANSACTION("AMOUNT", "TRANSACTIONDATE", "DESCRIPTION", "USERID") VALUES(1066.42, TO_DATE('07/13/2021', 'MM/dd/yyyy'), 'Grocery', 2);
INSERT INTO TRANSACTION("AMOUNT", "TRANSACTIONDATE", "DESCRIPTION", "USERID") VALUES(731.98, TO_DATE('01/19/2021', 'MM/dd/yyyy'), 'Grocery', 2);
INSERT INTO TRANSACTION("AMOUNT", "TRANSACTIONDATE", "DESCRIPTION", "USERID") VALUES(1059.08, TO_DATE('06/20/2021', 'MM/dd/yyyy'), 'Furnishing', 2);
INSERT INTO TRANSACTION("AMOUNT", "TRANSACTIONDATE", "DESCRIPTION", "USERID") VALUES(381.72, TO_DATE('01/05/2021', 'MM/dd/yyyy'), 'Furnishing', 2);
INSERT INTO TRANSACTION("AMOUNT", "TRANSACTIONDATE", "DESCRIPTION", "USERID") VALUES(1060.04, TO_DATE('01/19/2021', 'MM/dd/yyyy'), 'Household', 2);
INSERT INTO TRANSACTION("AMOUNT", "TRANSACTIONDATE", "DESCRIPTION", "USERID") VALUES(713.38, TO_DATE('02/21/2021', 'MM/dd/yyyy'), 'Cosmetics', 2);

INSERT INTO TRANSACTION("AMOUNT", "TRANSACTIONDATE", "DESCRIPTION", "USERID") VALUES(679.36, TO_DATE('01/03/2021', 'MM/dd/yyyy'), 'Grocery', 3);
INSERT INTO TRANSACTION("AMOUNT", "TRANSACTIONDATE", "DESCRIPTION", "USERID") VALUES(167.98, TO_DATE('02/19/2021', 'MM/dd/yyyy'), 'Grocery', 3);
INSERT INTO TRANSACTION("AMOUNT", "TRANSACTIONDATE", "DESCRIPTION", "USERID") VALUES(284.94, TO_DATE('04/16/2021', 'MM/dd/yyyy'), 'Cosmetics', 3);
INSERT INTO TRANSACTION("AMOUNT", "TRANSACTIONDATE", "DESCRIPTION", "USERID") VALUES(652.02, TO_DATE('04/13/2021', 'MM/dd/yyyy'), 'Cosmetics', 3);
INSERT INTO TRANSACTION("AMOUNT", "TRANSACTIONDATE", "DESCRIPTION", "USERID") VALUES(460.56, TO_DATE('05/17/2021', 'MM/dd/yyyy'), 'Dairy', 3);
INSERT INTO TRANSACTION("AMOUNT", "TRANSACTIONDATE", "DESCRIPTION", "USERID") VALUES(74.42, TO_DATE('08/27/2021', 'MM/dd/yyyy'), 'Household', 3);
INSERT INTO TRANSACTION("AMOUNT", "TRANSACTIONDATE", "DESCRIPTION", "USERID") VALUES(1047.02, TO_DATE('07/08/2021', 'MM/dd/yyyy'), 'Garden', 3);
INSERT INTO TRANSACTION("AMOUNT", "TRANSACTIONDATE", "DESCRIPTION", "USERID") VALUES(536.51, TO_DATE('07/08/2021', 'MM/dd/yyyy'), 'Garden', 3);
INSERT INTO TRANSACTION("AMOUNT", "TRANSACTIONDATE", "DESCRIPTION", "USERID") VALUES(633.8, TO_DATE('06/08/2021', 'MM/dd/yyyy'), 'Cosmetics', 3);
INSERT INTO TRANSACTION("AMOUNT", "TRANSACTIONDATE", "DESCRIPTION", "USERID") VALUES(156.13, TO_DATE('06/24/2021', 'MM/dd/yyyy'), 'Cosmetics', 3);
INSERT INTO TRANSACTION("AMOUNT", "TRANSACTIONDATE", "DESCRIPTION", "USERID") VALUES(24.76, TO_DATE('08/13/2021', 'MM/dd/yyyy'), 'Cosmetics', 3);
INSERT INTO TRANSACTION("AMOUNT", "TRANSACTIONDATE", "DESCRIPTION", "USERID") VALUES(179.29, TO_DATE('07/15/2021', 'MM/dd/yyyy'), 'Cosmetics', 3);
INSERT INTO TRANSACTION("AMOUNT", "TRANSACTIONDATE", "DESCRIPTION", "USERID") VALUES(1002.54, TO_DATE('11/12/2021', 'MM/dd/yyyy'), 'Garden', 3);
INSERT INTO TRANSACTION("AMOUNT", "TRANSACTIONDATE", "DESCRIPTION", "USERID") VALUES(469.38, TO_DATE('03/15/2021', 'MM/dd/yyyy'), 'Grocery', 3);
INSERT INTO TRANSACTION("AMOUNT", "TRANSACTIONDATE", "DESCRIPTION", "USERID") VALUES(1060.06, TO_DATE('07/04/2021', 'MM/dd/yyyy'), 'Grocery', 3);
INSERT INTO TRANSACTION("AMOUNT", "TRANSACTIONDATE", "DESCRIPTION", "USERID") VALUES(1073.69, TO_DATE('02/01/2021', 'MM/dd/yyyy'), 'Furnishing', 3);
INSERT INTO TRANSACTION("AMOUNT", "TRANSACTIONDATE", "DESCRIPTION", "USERID") VALUES(300.12, TO_DATE('11/24/2021', 'MM/dd/yyyy'), 'Furnishing', 3);
INSERT INTO TRANSACTION("AMOUNT", "TRANSACTIONDATE", "DESCRIPTION", "USERID") VALUES(589.47, TO_DATE('02/22/2021', 'MM/dd/yyyy'), 'Garden', 3);
INSERT INTO TRANSACTION("AMOUNT", "TRANSACTIONDATE", "DESCRIPTION", "USERID") VALUES(1006.57, TO_DATE('01/16/2021', 'MM/dd/yyyy'), 'Household', 3);
INSERT INTO TRANSACTION("AMOUNT", "TRANSACTIONDATE", "DESCRIPTION", "USERID") VALUES(854.22, TO_DATE('04/08/2021', 'MM/dd/yyyy'), 'Grocery', 3);
INSERT INTO TRANSACTION("AMOUNT", "TRANSACTIONDATE", "DESCRIPTION", "USERID") VALUES(283.02, TO_DATE('05/27/2021', 'MM/dd/yyyy'), 'Dairy', 3);
INSERT INTO TRANSACTION("AMOUNT", "TRANSACTIONDATE", "DESCRIPTION", "USERID") VALUES(507.45, TO_DATE('03/29/2021', 'MM/dd/yyyy'), 'Garden', 3);
INSERT INTO TRANSACTION("AMOUNT", "TRANSACTIONDATE", "DESCRIPTION", "USERID") VALUES(407.63, TO_DATE('05/21/2021', 'MM/dd/yyyy'), 'Dairy', 3);
INSERT INTO TRANSACTION("AMOUNT", "TRANSACTIONDATE", "DESCRIPTION", "USERID") VALUES(573.66, TO_DATE('06/17/2021', 'MM/dd/yyyy'), 'Grocery', 3);
INSERT INTO TRANSACTION("AMOUNT", "TRANSACTIONDATE", "DESCRIPTION", "USERID") VALUES(784.79, TO_DATE('11/09/2021', 'MM/dd/yyyy'), 'Furnishing', 3);
INSERT INTO TRANSACTION("AMOUNT", "TRANSACTIONDATE", "DESCRIPTION", "USERID") VALUES(798.72, TO_DATE('03/05/2021', 'MM/dd/yyyy'), 'Garden', 3);
INSERT INTO TRANSACTION("AMOUNT", "TRANSACTIONDATE", "DESCRIPTION", "USERID") VALUES(1047.41, TO_DATE('10/03/2021', 'MM/dd/yyyy'), 'Dairy', 3);
INSERT INTO TRANSACTION("AMOUNT", "TRANSACTIONDATE", "DESCRIPTION", "USERID") VALUES(624.45, TO_DATE('06/17/2021', 'MM/dd/yyyy'), 'Grocery', 3);
INSERT INTO TRANSACTION("AMOUNT", "TRANSACTIONDATE", "DESCRIPTION", "USERID") VALUES(445.59, TO_DATE('02/08/2021', 'MM/dd/yyyy'), 'Dairy', 3);
INSERT INTO TRANSACTION("AMOUNT", "TRANSACTIONDATE", "DESCRIPTION", "USERID") VALUES(428.54, TO_DATE('04/08/2021', 'MM/dd/yyyy'), 'Dairy', 3);
INSERT INTO TRANSACTION("AMOUNT", "TRANSACTIONDATE", "DESCRIPTION", "USERID") VALUES(730.21, TO_DATE('06/06/2021', 'MM/dd/yyyy'), 'Cosmetics', 3);
INSERT INTO TRANSACTION("AMOUNT", "TRANSACTIONDATE", "DESCRIPTION", "USERID") VALUES(19.61, TO_DATE('11/24/2021', 'MM/dd/yyyy'), 'Garden', 3);
INSERT INTO TRANSACTION("AMOUNT", "TRANSACTIONDATE", "DESCRIPTION", "USERID") VALUES(392.5, TO_DATE('08/05/2021', 'MM/dd/yyyy'), 'Cosmetics', 3);
INSERT INTO TRANSACTION("AMOUNT", "TRANSACTIONDATE", "DESCRIPTION", "USERID") VALUES(369.54, TO_DATE('09/26/2021', 'MM/dd/yyyy'), 'Household', 3);
INSERT INTO TRANSACTION("AMOUNT", "TRANSACTIONDATE", "DESCRIPTION", "USERID") VALUES(1092.9, TO_DATE('04/15/2021', 'MM/dd/yyyy'), 'Household', 3);
INSERT INTO TRANSACTION("AMOUNT", "TRANSACTIONDATE", "DESCRIPTION", "USERID") VALUES(667.97, TO_DATE('06/07/2021', 'MM/dd/yyyy'), 'Garden', 3);
INSERT INTO TRANSACTION("AMOUNT", "TRANSACTIONDATE", "DESCRIPTION", "USERID") VALUES(515.38, TO_DATE('06/13/2021', 'MM/dd/yyyy'), 'Garden', 3);
INSERT INTO TRANSACTION("AMOUNT", "TRANSACTIONDATE", "DESCRIPTION", "USERID") VALUES(495.99, TO_DATE('07/07/2021', 'MM/dd/yyyy'), 'Furnishing', 3);
INSERT INTO TRANSACTION("AMOUNT", "TRANSACTIONDATE", "DESCRIPTION", "USERID") VALUES(655.53, TO_DATE('05/07/2021', 'MM/dd/yyyy'), 'Garden', 3);
INSERT INTO TRANSACTION("AMOUNT", "TRANSACTIONDATE", "DESCRIPTION", "USERID") VALUES(838.89, TO_DATE('11/13/2021', 'MM/dd/yyyy'), 'Cosmetics', 3);
INSERT INTO TRANSACTION("AMOUNT", "TRANSACTIONDATE", "DESCRIPTION", "USERID") VALUES(873.49, TO_DATE('05/15/2021', 'MM/dd/yyyy'), 'Dairy', 3);
INSERT INTO TRANSACTION("AMOUNT", "TRANSACTIONDATE", "DESCRIPTION", "USERID") VALUES(110.14, TO_DATE('01/01/2021', 'MM/dd/yyyy'), 'Household', 3);
INSERT INTO TRANSACTION("AMOUNT", "TRANSACTIONDATE", "DESCRIPTION", "USERID") VALUES(905.14, TO_DATE('05/06/2021', 'MM/dd/yyyy'), 'Grocery', 3);
INSERT INTO TRANSACTION("AMOUNT", "TRANSACTIONDATE", "DESCRIPTION", "USERID") VALUES(161.35, TO_DATE('02/12/2021', 'MM/dd/yyyy'), 'Garden', 3);
INSERT INTO TRANSACTION("AMOUNT", "TRANSACTIONDATE", "DESCRIPTION", "USERID") VALUES(57.66, TO_DATE('03/18/2021', 'MM/dd/yyyy'), 'Cosmetics', 3);
INSERT INTO TRANSACTION("AMOUNT", "TRANSACTIONDATE", "DESCRIPTION", "USERID") VALUES(465.4, TO_DATE('10/02/2021', 'MM/dd/yyyy'), 'Household', 3);
INSERT INTO TRANSACTION("AMOUNT", "TRANSACTIONDATE", "DESCRIPTION", "USERID") VALUES(887.68, TO_DATE('11/19/2021', 'MM/dd/yyyy'), 'Garden', 3);
INSERT INTO TRANSACTION("AMOUNT", "TRANSACTIONDATE", "DESCRIPTION", "USERID") VALUES(352.49, TO_DATE('09/05/2021', 'MM/dd/yyyy'), 'Cosmetics', 3);
INSERT INTO TRANSACTION("AMOUNT", "TRANSACTIONDATE", "DESCRIPTION", "USERID") VALUES(863.27, TO_DATE('09/06/2021', 'MM/dd/yyyy'), 'Grocery', 3);
INSERT INTO TRANSACTION("AMOUNT", "TRANSACTIONDATE", "DESCRIPTION", "USERID") VALUES(21.38, TO_DATE('10/29/2021', 'MM/dd/yyyy'), 'Garden', 3);
INSERT INTO TRANSACTION("AMOUNT", "TRANSACTIONDATE", "DESCRIPTION", "USERID") VALUES(473.12, TO_DATE('10/11/2021', 'MM/dd/yyyy'), 'Furnishing', 3);
INSERT INTO TRANSACTION("AMOUNT", "TRANSACTIONDATE", "DESCRIPTION", "USERID") VALUES(40.48, TO_DATE('08/20/2021', 'MM/dd/yyyy'), 'Furnishing', 3);
INSERT INTO TRANSACTION("AMOUNT", "TRANSACTIONDATE", "DESCRIPTION", "USERID") VALUES(928.78, TO_DATE('11/08/2021', 'MM/dd/yyyy'), 'Furnishing', 3);
INSERT INTO TRANSACTION("AMOUNT", "TRANSACTIONDATE", "DESCRIPTION", "USERID") VALUES(416.0, TO_DATE('06/27/2021', 'MM/dd/yyyy'), 'Dairy', 3);
INSERT INTO TRANSACTION("AMOUNT", "TRANSACTIONDATE", "DESCRIPTION", "USERID") VALUES(848.74, TO_DATE('04/20/2021', 'MM/dd/yyyy'), 'Garden', 3);
INSERT INTO TRANSACTION("AMOUNT", "TRANSACTIONDATE", "DESCRIPTION", "USERID") VALUES(576.97, TO_DATE('07/29/2021', 'MM/dd/yyyy'), 'Cosmetics', 3);
INSERT INTO TRANSACTION("AMOUNT", "TRANSACTIONDATE", "DESCRIPTION", "USERID") VALUES(494.96, TO_DATE('06/13/2021', 'MM/dd/yyyy'), 'Furnishing', 3);
INSERT INTO TRANSACTION("AMOUNT", "TRANSACTIONDATE", "DESCRIPTION", "USERID") VALUES(809.33, TO_DATE('08/22/2021', 'MM/dd/yyyy'), 'Furnishing', 3);
INSERT INTO TRANSACTION("AMOUNT", "TRANSACTIONDATE", "DESCRIPTION", "USERID") VALUES(605.59, TO_DATE('02/11/2021', 'MM/dd/yyyy'), 'Garden', 3);
INSERT INTO TRANSACTION("AMOUNT", "TRANSACTIONDATE", "DESCRIPTION", "USERID") VALUES(493.74, TO_DATE('11/23/2021', 'MM/dd/yyyy'), 'Garden', 3);
INSERT INTO TRANSACTION("AMOUNT", "TRANSACTIONDATE", "DESCRIPTION", "USERID") VALUES(579.78, TO_DATE('09/26/2021', 'MM/dd/yyyy'), 'Cosmetics', 3);
INSERT INTO TRANSACTION("AMOUNT", "TRANSACTIONDATE", "DESCRIPTION", "USERID") VALUES(764.48, TO_DATE('03/25/2021', 'MM/dd/yyyy'), 'Grocery', 3);
INSERT INTO TRANSACTION("AMOUNT", "TRANSACTIONDATE", "DESCRIPTION", "USERID") VALUES(1043.02, TO_DATE('01/29/2021', 'MM/dd/yyyy'), 'Furnishing', 3);
INSERT INTO TRANSACTION("AMOUNT", "TRANSACTIONDATE", "DESCRIPTION", "USERID") VALUES(948.96, TO_DATE('09/06/2021', 'MM/dd/yyyy'), 'Dairy', 3);
INSERT INTO TRANSACTION("AMOUNT", "TRANSACTIONDATE", "DESCRIPTION", "USERID") VALUES(833.99, TO_DATE('06/03/2021', 'MM/dd/yyyy'), 'Dairy', 3);
INSERT INTO TRANSACTION("AMOUNT", "TRANSACTIONDATE", "DESCRIPTION", "USERID") VALUES(220.35, TO_DATE('09/09/2021', 'MM/dd/yyyy'), 'Cosmetics', 3);
INSERT INTO TRANSACTION("AMOUNT", "TRANSACTIONDATE", "DESCRIPTION", "USERID") VALUES(526.51, TO_DATE('09/30/2021', 'MM/dd/yyyy'), 'Household', 3);
INSERT INTO TRANSACTION("AMOUNT", "TRANSACTIONDATE", "DESCRIPTION", "USERID") VALUES(907.73, TO_DATE('11/09/2021', 'MM/dd/yyyy'), 'Dairy', 3);
INSERT INTO TRANSACTION("AMOUNT", "TRANSACTIONDATE", "DESCRIPTION", "USERID") VALUES(892.34, TO_DATE('08/09/2021', 'MM/dd/yyyy'), 'Garden', 3);
INSERT INTO TRANSACTION("AMOUNT", "TRANSACTIONDATE", "DESCRIPTION", "USERID") VALUES(371.3, TO_DATE('08/02/2021', 'MM/dd/yyyy'), 'Grocery', 3);
INSERT INTO TRANSACTION("AMOUNT", "TRANSACTIONDATE", "DESCRIPTION", "USERID") VALUES(243.58, TO_DATE('07/22/2021', 'MM/dd/yyyy'), 'Household', 3);
INSERT INTO TRANSACTION("AMOUNT", "TRANSACTIONDATE", "DESCRIPTION", "USERID") VALUES(42.1, TO_DATE('03/02/2021', 'MM/dd/yyyy'), 'Garden', 3);
INSERT INTO TRANSACTION("AMOUNT", "TRANSACTIONDATE", "DESCRIPTION", "USERID") VALUES(315.44, TO_DATE('08/26/2021', 'MM/dd/yyyy'), 'Household', 3);
INSERT INTO TRANSACTION("AMOUNT", "TRANSACTIONDATE", "DESCRIPTION", "USERID") VALUES(548.72, TO_DATE('05/14/2021', 'MM/dd/yyyy'), 'Grocery', 3);
INSERT INTO TRANSACTION("AMOUNT", "TRANSACTIONDATE", "DESCRIPTION", "USERID") VALUES(102.9, TO_DATE('07/06/2021', 'MM/dd/yyyy'), 'Grocery', 3);
INSERT INTO TRANSACTION("AMOUNT", "TRANSACTIONDATE", "DESCRIPTION", "USERID") VALUES(85.49, TO_DATE('01/03/2021', 'MM/dd/yyyy'), 'Grocery', 3);
INSERT INTO TRANSACTION("AMOUNT", "TRANSACTIONDATE", "DESCRIPTION", "USERID") VALUES(937.35, TO_DATE('06/10/2021', 'MM/dd/yyyy'), 'Household', 3);
INSERT INTO TRANSACTION("AMOUNT", "TRANSACTIONDATE", "DESCRIPTION", "USERID") VALUES(369.56, TO_DATE('04/05/2021', 'MM/dd/yyyy'), 'Furnishing', 3);
INSERT INTO TRANSACTION("AMOUNT", "TRANSACTIONDATE", "DESCRIPTION", "USERID") VALUES(581.52, TO_DATE('09/23/2021', 'MM/dd/yyyy'), 'Dairy', 3);
INSERT INTO TRANSACTION("AMOUNT", "TRANSACTIONDATE", "DESCRIPTION", "USERID") VALUES(826.51, TO_DATE('06/07/2021', 'MM/dd/yyyy'), 'Grocery', 3);
INSERT INTO TRANSACTION("AMOUNT", "TRANSACTIONDATE", "DESCRIPTION", "USERID") VALUES(173.78, TO_DATE('09/09/2021', 'MM/dd/yyyy'), 'Furnishing', 3);
INSERT INTO TRANSACTION("AMOUNT", "TRANSACTIONDATE", "DESCRIPTION", "USERID") VALUES(66.71, TO_DATE('02/03/2021', 'MM/dd/yyyy'), 'Garden', 3);
INSERT INTO TRANSACTION("AMOUNT", "TRANSACTIONDATE", "DESCRIPTION", "USERID") VALUES(165.3, TO_DATE('08/03/2021', 'MM/dd/yyyy'), 'Grocery', 3);
INSERT INTO TRANSACTION("AMOUNT", "TRANSACTIONDATE", "DESCRIPTION", "USERID") VALUES(1097.21, TO_DATE('07/07/2021', 'MM/dd/yyyy'), 'Household', 3);
INSERT INTO TRANSACTION("AMOUNT", "TRANSACTIONDATE", "DESCRIPTION", "USERID") VALUES(905.95, TO_DATE('01/08/2021', 'MM/dd/yyyy'), 'Furnishing', 3);
INSERT INTO TRANSACTION("AMOUNT", "TRANSACTIONDATE", "DESCRIPTION", "USERID") VALUES(636.34, TO_DATE('10/25/2021', 'MM/dd/yyyy'), 'Garden', 3);
INSERT INTO TRANSACTION("AMOUNT", "TRANSACTIONDATE", "DESCRIPTION", "USERID") VALUES(917.51, TO_DATE('09/07/2021', 'MM/dd/yyyy'), 'Garden', 3);
INSERT INTO TRANSACTION("AMOUNT", "TRANSACTIONDATE", "DESCRIPTION", "USERID") VALUES(940.74, TO_DATE('06/04/2021', 'MM/dd/yyyy'), 'Household', 3);
INSERT INTO TRANSACTION("AMOUNT", "TRANSACTIONDATE", "DESCRIPTION", "USERID") VALUES(335.15, TO_DATE('08/03/2021', 'MM/dd/yyyy'), 'Grocery', 3);
INSERT INTO TRANSACTION("AMOUNT", "TRANSACTIONDATE", "DESCRIPTION", "USERID") VALUES(1077.14, TO_DATE('05/05/2021', 'MM/dd/yyyy'), 'Grocery', 3);
INSERT INTO TRANSACTION("AMOUNT", "TRANSACTIONDATE", "DESCRIPTION", "USERID") VALUES(920.59, TO_DATE('06/06/2021', 'MM/dd/yyyy'), 'Furnishing', 3);
INSERT INTO TRANSACTION("AMOUNT", "TRANSACTIONDATE", "DESCRIPTION", "USERID") VALUES(53.43, TO_DATE('04/02/2021', 'MM/dd/yyyy'), 'Garden', 3);
INSERT INTO TRANSACTION("AMOUNT", "TRANSACTIONDATE", "DESCRIPTION", "USERID") VALUES(862.98, TO_DATE('11/06/2021', 'MM/dd/yyyy'), 'Household', 3);
INSERT INTO TRANSACTION("AMOUNT", "TRANSACTIONDATE", "DESCRIPTION", "USERID") VALUES(896.49, TO_DATE('07/29/2021', 'MM/dd/yyyy'), 'Dairy', 3);
INSERT INTO TRANSACTION("AMOUNT", "TRANSACTIONDATE", "DESCRIPTION", "USERID") VALUES(296.02, TO_DATE('01/14/2021', 'MM/dd/yyyy'), 'Grocery', 3);
INSERT INTO TRANSACTION("AMOUNT", "TRANSACTIONDATE", "DESCRIPTION", "USERID") VALUES(676.26, TO_DATE('02/23/2021', 'MM/dd/yyyy'), 'Cosmetics', 3);
INSERT INTO TRANSACTION("AMOUNT", "TRANSACTIONDATE", "DESCRIPTION", "USERID") VALUES(1032.15, TO_DATE('10/24/2021', 'MM/dd/yyyy'), 'Furnishing', 3);
INSERT INTO TRANSACTION("AMOUNT", "TRANSACTIONDATE", "DESCRIPTION", "USERID") VALUES(798.5, TO_DATE('01/08/2021', 'MM/dd/yyyy'), 'Dairy', 3);
INSERT INTO TRANSACTION("AMOUNT", "TRANSACTIONDATE", "DESCRIPTION", "USERID") VALUES(637.46, TO_DATE('07/19/2021', 'MM/dd/yyyy'), 'Furnishing', 3);
INSERT INTO TRANSACTION("AMOUNT", "TRANSACTIONDATE", "DESCRIPTION", "USERID") VALUES(220.78, TO_DATE('04/13/2021', 'MM/dd/yyyy'), 'Cosmetics', 3);

INSERT INTO TRANSACTION("AMOUNT", "TRANSACTIONDATE", "DESCRIPTION", "USERID") VALUES(132.61, TO_DATE('06/25/2021', 'MM/dd/yyyy'), 'Grocery', 4);
INSERT INTO TRANSACTION("AMOUNT", "TRANSACTIONDATE", "DESCRIPTION", "USERID") VALUES(495.63, TO_DATE('08/11/2021', 'MM/dd/yyyy'), 'Cosmetics', 4);
INSERT INTO TRANSACTION("AMOUNT", "TRANSACTIONDATE", "DESCRIPTION", "USERID") VALUES(29.9, TO_DATE('06/19/2021', 'MM/dd/yyyy'), 'Dairy', 4);
INSERT INTO TRANSACTION("AMOUNT", "TRANSACTIONDATE", "DESCRIPTION", "USERID") VALUES(439.1, TO_DATE('08/08/2021', 'MM/dd/yyyy'), 'Grocery', 4);
INSERT INTO TRANSACTION("AMOUNT", "TRANSACTIONDATE", "DESCRIPTION", "USERID") VALUES(28.33, TO_DATE('11/30/2021', 'MM/dd/yyyy'), 'Furnishing', 4);
INSERT INTO TRANSACTION("AMOUNT", "TRANSACTIONDATE", "DESCRIPTION", "USERID") VALUES(475.25, TO_DATE('06/17/2021', 'MM/dd/yyyy'), 'Household', 4);
INSERT INTO TRANSACTION("AMOUNT", "TRANSACTIONDATE", "DESCRIPTION", "USERID") VALUES(1069.57, TO_DATE('01/22/2021', 'MM/dd/yyyy'), 'Garden', 4);
INSERT INTO TRANSACTION("AMOUNT", "TRANSACTIONDATE", "DESCRIPTION", "USERID") VALUES(1033.71, TO_DATE('03/01/2021', 'MM/dd/yyyy'), 'Cosmetics', 4);
INSERT INTO TRANSACTION("AMOUNT", "TRANSACTIONDATE", "DESCRIPTION", "USERID") VALUES(240.24, TO_DATE('04/18/2021', 'MM/dd/yyyy'), 'Dairy', 4);
INSERT INTO TRANSACTION("AMOUNT", "TRANSACTIONDATE", "DESCRIPTION", "USERID") VALUES(70.28, TO_DATE('10/28/2021', 'MM/dd/yyyy'), 'Furnishing', 4);
INSERT INTO TRANSACTION("AMOUNT", "TRANSACTIONDATE", "DESCRIPTION", "USERID") VALUES(452.91, TO_DATE('04/17/2021', 'MM/dd/yyyy'), 'Dairy', 4);
INSERT INTO TRANSACTION("AMOUNT", "TRANSACTIONDATE", "DESCRIPTION", "USERID") VALUES(77.86, TO_DATE('02/08/2021', 'MM/dd/yyyy'), 'Household', 4);
INSERT INTO TRANSACTION("AMOUNT", "TRANSACTIONDATE", "DESCRIPTION", "USERID") VALUES(592.26, TO_DATE('04/03/2021', 'MM/dd/yyyy'), 'Grocery', 4);
INSERT INTO TRANSACTION("AMOUNT", "TRANSACTIONDATE", "DESCRIPTION", "USERID") VALUES(997.59, TO_DATE('06/30/2021', 'MM/dd/yyyy'), 'Dairy', 4);
INSERT INTO TRANSACTION("AMOUNT", "TRANSACTIONDATE", "DESCRIPTION", "USERID") VALUES(1044.93, TO_DATE('05/13/2021', 'MM/dd/yyyy'), 'Cosmetics', 4);
INSERT INTO TRANSACTION("AMOUNT", "TRANSACTIONDATE", "DESCRIPTION", "USERID") VALUES(1004.89, TO_DATE('08/19/2021', 'MM/dd/yyyy'), 'Grocery', 4);
INSERT INTO TRANSACTION("AMOUNT", "TRANSACTIONDATE", "DESCRIPTION", "USERID") VALUES(943.57, TO_DATE('11/11/2021', 'MM/dd/yyyy'), 'Dairy', 4);
INSERT INTO TRANSACTION("AMOUNT", "TRANSACTIONDATE", "DESCRIPTION", "USERID") VALUES(167.5, TO_DATE('08/21/2021', 'MM/dd/yyyy'), 'Dairy', 4);
INSERT INTO TRANSACTION("AMOUNT", "TRANSACTIONDATE", "DESCRIPTION", "USERID") VALUES(788.66, TO_DATE('01/13/2021', 'MM/dd/yyyy'), 'Dairy', 4);
INSERT INTO TRANSACTION("AMOUNT", "TRANSACTIONDATE", "DESCRIPTION", "USERID") VALUES(65.03, TO_DATE('04/29/2021', 'MM/dd/yyyy'), 'Dairy', 4);
INSERT INTO TRANSACTION("AMOUNT", "TRANSACTIONDATE", "DESCRIPTION", "USERID") VALUES(403.86, TO_DATE('04/15/2021', 'MM/dd/yyyy'), 'Grocery', 4);
INSERT INTO TRANSACTION("AMOUNT", "TRANSACTIONDATE", "DESCRIPTION", "USERID") VALUES(362.1, TO_DATE('07/21/2021', 'MM/dd/yyyy'), 'Household', 4);
INSERT INTO TRANSACTION("AMOUNT", "TRANSACTIONDATE", "DESCRIPTION", "USERID") VALUES(983.12, TO_DATE('02/25/2021', 'MM/dd/yyyy'), 'Household', 4);
INSERT INTO TRANSACTION("AMOUNT", "TRANSACTIONDATE", "DESCRIPTION", "USERID") VALUES(139.67, TO_DATE('02/07/2021', 'MM/dd/yyyy'), 'Grocery', 4);
INSERT INTO TRANSACTION("AMOUNT", "TRANSACTIONDATE", "DESCRIPTION", "USERID") VALUES(640.44, TO_DATE('02/14/2021', 'MM/dd/yyyy'), 'Furnishing', 4);
INSERT INTO TRANSACTION("AMOUNT", "TRANSACTIONDATE", "DESCRIPTION", "USERID") VALUES(71.62, TO_DATE('08/14/2021', 'MM/dd/yyyy'), 'Grocery', 4);
INSERT INTO TRANSACTION("AMOUNT", "TRANSACTIONDATE", "DESCRIPTION", "USERID") VALUES(395.64, TO_DATE('06/04/2021', 'MM/dd/yyyy'), 'Furnishing', 4);
INSERT INTO TRANSACTION("AMOUNT", "TRANSACTIONDATE", "DESCRIPTION", "USERID") VALUES(716.09, TO_DATE('01/29/2021', 'MM/dd/yyyy'), 'Grocery', 4);
INSERT INTO TRANSACTION("AMOUNT", "TRANSACTIONDATE", "DESCRIPTION", "USERID") VALUES(741.9, TO_DATE('09/30/2021', 'MM/dd/yyyy'), 'Household', 4);
INSERT INTO TRANSACTION("AMOUNT", "TRANSACTIONDATE", "DESCRIPTION", "USERID") VALUES(93.81, TO_DATE('03/19/2021', 'MM/dd/yyyy'), 'Grocery', 4);
INSERT INTO TRANSACTION("AMOUNT", "TRANSACTIONDATE", "DESCRIPTION", "USERID") VALUES(823.37, TO_DATE('05/12/2021', 'MM/dd/yyyy'), 'Furnishing', 4);
INSERT INTO TRANSACTION("AMOUNT", "TRANSACTIONDATE", "DESCRIPTION", "USERID") VALUES(537.73, TO_DATE('05/25/2021', 'MM/dd/yyyy'), 'Grocery', 4);
INSERT INTO TRANSACTION("AMOUNT", "TRANSACTIONDATE", "DESCRIPTION", "USERID") VALUES(533.75, TO_DATE('11/22/2021', 'MM/dd/yyyy'), 'Furnishing', 4);
INSERT INTO TRANSACTION("AMOUNT", "TRANSACTIONDATE", "DESCRIPTION", "USERID") VALUES(191.33, TO_DATE('04/11/2021', 'MM/dd/yyyy'), 'Garden', 4);
INSERT INTO TRANSACTION("AMOUNT", "TRANSACTIONDATE", "DESCRIPTION", "USERID") VALUES(669.09, TO_DATE('05/05/2021', 'MM/dd/yyyy'), 'Garden', 4);
INSERT INTO TRANSACTION("AMOUNT", "TRANSACTIONDATE", "DESCRIPTION", "USERID") VALUES(394.93, TO_DATE('07/17/2021', 'MM/dd/yyyy'), 'Grocery', 4);
INSERT INTO TRANSACTION("AMOUNT", "TRANSACTIONDATE", "DESCRIPTION", "USERID") VALUES(900.66, TO_DATE('02/12/2021', 'MM/dd/yyyy'), 'Grocery', 4);
INSERT INTO TRANSACTION("AMOUNT", "TRANSACTIONDATE", "DESCRIPTION", "USERID") VALUES(522.16, TO_DATE('06/29/2021', 'MM/dd/yyyy'), 'Cosmetics', 4);
INSERT INTO TRANSACTION("AMOUNT", "TRANSACTIONDATE", "DESCRIPTION", "USERID") VALUES(1056.24, TO_DATE('01/13/2021', 'MM/dd/yyyy'), 'Dairy', 4);
INSERT INTO TRANSACTION("AMOUNT", "TRANSACTIONDATE", "DESCRIPTION", "USERID") VALUES(61.22, TO_DATE('01/18/2021', 'MM/dd/yyyy'), 'Dairy', 4);
INSERT INTO TRANSACTION("AMOUNT", "TRANSACTIONDATE", "DESCRIPTION", "USERID") VALUES(570.54, TO_DATE('09/03/2021', 'MM/dd/yyyy'), 'Garden', 4);
INSERT INTO TRANSACTION("AMOUNT", "TRANSACTIONDATE", "DESCRIPTION", "USERID") VALUES(757.94, TO_DATE('06/08/2021', 'MM/dd/yyyy'), 'Dairy', 4);
INSERT INTO TRANSACTION("AMOUNT", "TRANSACTIONDATE", "DESCRIPTION", "USERID") VALUES(1048.25, TO_DATE('11/15/2021', 'MM/dd/yyyy'), 'Household', 4);
INSERT INTO TRANSACTION("AMOUNT", "TRANSACTIONDATE", "DESCRIPTION", "USERID") VALUES(820.11, TO_DATE('04/14/2021', 'MM/dd/yyyy'), 'Garden', 4);
INSERT INTO TRANSACTION("AMOUNT", "TRANSACTIONDATE", "DESCRIPTION", "USERID") VALUES(805.34, TO_DATE('03/24/2021', 'MM/dd/yyyy'), 'Cosmetics', 4);
INSERT INTO TRANSACTION("AMOUNT", "TRANSACTIONDATE", "DESCRIPTION", "USERID") VALUES(705.44, TO_DATE('01/16/2021', 'MM/dd/yyyy'), 'Dairy', 4);
INSERT INTO TRANSACTION("AMOUNT", "TRANSACTIONDATE", "DESCRIPTION", "USERID") VALUES(1047.1, TO_DATE('03/18/2021', 'MM/dd/yyyy'), 'Garden', 4);
INSERT INTO TRANSACTION("AMOUNT", "TRANSACTIONDATE", "DESCRIPTION", "USERID") VALUES(1047.34, TO_DATE('02/02/2021', 'MM/dd/yyyy'), 'Grocery', 4);
INSERT INTO TRANSACTION("AMOUNT", "TRANSACTIONDATE", "DESCRIPTION", "USERID") VALUES(13.62, TO_DATE('05/07/2021', 'MM/dd/yyyy'), 'Cosmetics', 4);
INSERT INTO TRANSACTION("AMOUNT", "TRANSACTIONDATE", "DESCRIPTION", "USERID") VALUES(795.95, TO_DATE('08/06/2021', 'MM/dd/yyyy'), 'Household', 4);
INSERT INTO TRANSACTION("AMOUNT", "TRANSACTIONDATE", "DESCRIPTION", "USERID") VALUES(746.13, TO_DATE('06/09/2021', 'MM/dd/yyyy'), 'Dairy', 4);
INSERT INTO TRANSACTION("AMOUNT", "TRANSACTIONDATE", "DESCRIPTION", "USERID") VALUES(653.71, TO_DATE('04/01/2021', 'MM/dd/yyyy'), 'Cosmetics', 4);
INSERT INTO TRANSACTION("AMOUNT", "TRANSACTIONDATE", "DESCRIPTION", "USERID") VALUES(629.88, TO_DATE('11/30/2021', 'MM/dd/yyyy'), 'Garden', 4);
INSERT INTO TRANSACTION("AMOUNT", "TRANSACTIONDATE", "DESCRIPTION", "USERID") VALUES(807.72, TO_DATE('06/21/2021', 'MM/dd/yyyy'), 'Cosmetics', 4);
INSERT INTO TRANSACTION("AMOUNT", "TRANSACTIONDATE", "DESCRIPTION", "USERID") VALUES(902.12, TO_DATE('04/15/2021', 'MM/dd/yyyy'), 'Garden', 4);
INSERT INTO TRANSACTION("AMOUNT", "TRANSACTIONDATE", "DESCRIPTION", "USERID") VALUES(763.36, TO_DATE('09/11/2021', 'MM/dd/yyyy'), 'Household', 4);
INSERT INTO TRANSACTION("AMOUNT", "TRANSACTIONDATE", "DESCRIPTION", "USERID") VALUES(465.66, TO_DATE('02/05/2021', 'MM/dd/yyyy'), 'Furnishing', 4);
INSERT INTO TRANSACTION("AMOUNT", "TRANSACTIONDATE", "DESCRIPTION", "USERID") VALUES(636.34, TO_DATE('01/14/2021', 'MM/dd/yyyy'), 'Grocery', 4);
INSERT INTO TRANSACTION("AMOUNT", "TRANSACTIONDATE", "DESCRIPTION", "USERID") VALUES(751.67, TO_DATE('07/04/2021', 'MM/dd/yyyy'), 'Household', 4);
INSERT INTO TRANSACTION("AMOUNT", "TRANSACTIONDATE", "DESCRIPTION", "USERID") VALUES(262.59, TO_DATE('05/20/2021', 'MM/dd/yyyy'), 'Grocery', 4);
INSERT INTO TRANSACTION("AMOUNT", "TRANSACTIONDATE", "DESCRIPTION", "USERID") VALUES(687.34, TO_DATE('03/01/2021', 'MM/dd/yyyy'), 'Dairy', 4);
INSERT INTO TRANSACTION("AMOUNT", "TRANSACTIONDATE", "DESCRIPTION", "USERID") VALUES(388.25, TO_DATE('07/04/2021', 'MM/dd/yyyy'), 'Garden', 4);
INSERT INTO TRANSACTION("AMOUNT", "TRANSACTIONDATE", "DESCRIPTION", "USERID") VALUES(336.75, TO_DATE('01/27/2021', 'MM/dd/yyyy'), 'Furnishing', 4);
INSERT INTO TRANSACTION("AMOUNT", "TRANSACTIONDATE", "DESCRIPTION", "USERID") VALUES(664.18, TO_DATE('07/20/2021', 'MM/dd/yyyy'), 'Household', 4);
INSERT INTO TRANSACTION("AMOUNT", "TRANSACTIONDATE", "DESCRIPTION", "USERID") VALUES(445.81, TO_DATE('01/29/2021', 'MM/dd/yyyy'), 'Garden', 4);
INSERT INTO TRANSACTION("AMOUNT", "TRANSACTIONDATE", "DESCRIPTION", "USERID") VALUES(342.14, TO_DATE('04/18/2021', 'MM/dd/yyyy'), 'Grocery', 4);
INSERT INTO TRANSACTION("AMOUNT", "TRANSACTIONDATE", "DESCRIPTION", "USERID") VALUES(654.58, TO_DATE('04/09/2021', 'MM/dd/yyyy'), 'Cosmetics', 4);
INSERT INTO TRANSACTION("AMOUNT", "TRANSACTIONDATE", "DESCRIPTION", "USERID") VALUES(212.21, TO_DATE('06/22/2021', 'MM/dd/yyyy'), 'Household', 4);
INSERT INTO TRANSACTION("AMOUNT", "TRANSACTIONDATE", "DESCRIPTION", "USERID") VALUES(502.76, TO_DATE('05/14/2021', 'MM/dd/yyyy'), 'Grocery', 4);
INSERT INTO TRANSACTION("AMOUNT", "TRANSACTIONDATE", "DESCRIPTION", "USERID") VALUES(233.42, TO_DATE('09/09/2021', 'MM/dd/yyyy'), 'Cosmetics', 4);
INSERT INTO TRANSACTION("AMOUNT", "TRANSACTIONDATE", "DESCRIPTION", "USERID") VALUES(1086.72, TO_DATE('06/19/2021', 'MM/dd/yyyy'), 'Dairy', 4);
INSERT INTO TRANSACTION("AMOUNT", "TRANSACTIONDATE", "DESCRIPTION", "USERID") VALUES(662.38, TO_DATE('11/08/2021', 'MM/dd/yyyy'), 'Dairy', 4);
INSERT INTO TRANSACTION("AMOUNT", "TRANSACTIONDATE", "DESCRIPTION", "USERID") VALUES(48.83, TO_DATE('05/27/2021', 'MM/dd/yyyy'), 'Furnishing', 4);
INSERT INTO TRANSACTION("AMOUNT", "TRANSACTIONDATE", "DESCRIPTION", "USERID") VALUES(586.68, TO_DATE('10/20/2021', 'MM/dd/yyyy'), 'Garden', 4);
INSERT INTO TRANSACTION("AMOUNT", "TRANSACTIONDATE", "DESCRIPTION", "USERID") VALUES(102.47, TO_DATE('07/17/2021', 'MM/dd/yyyy'), 'Furnishing', 4);
INSERT INTO TRANSACTION("AMOUNT", "TRANSACTIONDATE", "DESCRIPTION", "USERID") VALUES(32.89, TO_DATE('01/03/2021', 'MM/dd/yyyy'), 'Garden', 4);
INSERT INTO TRANSACTION("AMOUNT", "TRANSACTIONDATE", "DESCRIPTION", "USERID") VALUES(338.49, TO_DATE('07/11/2021', 'MM/dd/yyyy'), 'Garden', 4);
INSERT INTO TRANSACTION("AMOUNT", "TRANSACTIONDATE", "DESCRIPTION", "USERID") VALUES(101.14, TO_DATE('07/20/2021', 'MM/dd/yyyy'), 'Household', 4);
INSERT INTO TRANSACTION("AMOUNT", "TRANSACTIONDATE", "DESCRIPTION", "USERID") VALUES(871.49, TO_DATE('03/25/2021', 'MM/dd/yyyy'), 'Cosmetics', 4);
INSERT INTO TRANSACTION("AMOUNT", "TRANSACTIONDATE", "DESCRIPTION", "USERID") VALUES(210.76, TO_DATE('09/10/2021', 'MM/dd/yyyy'), 'Dairy', 4);
INSERT INTO TRANSACTION("AMOUNT", "TRANSACTIONDATE", "DESCRIPTION", "USERID") VALUES(426.67, TO_DATE('02/19/2021', 'MM/dd/yyyy'), 'Garden', 4);
INSERT INTO TRANSACTION("AMOUNT", "TRANSACTIONDATE", "DESCRIPTION", "USERID") VALUES(534.2, TO_DATE('10/04/2021', 'MM/dd/yyyy'), 'Furnishing', 4);
INSERT INTO TRANSACTION("AMOUNT", "TRANSACTIONDATE", "DESCRIPTION", "USERID") VALUES(530.67, TO_DATE('08/29/2021', 'MM/dd/yyyy'), 'Furnishing', 4);
INSERT INTO TRANSACTION("AMOUNT", "TRANSACTIONDATE", "DESCRIPTION", "USERID") VALUES(528.69, TO_DATE('01/15/2021', 'MM/dd/yyyy'), 'Furnishing', 4);
INSERT INTO TRANSACTION("AMOUNT", "TRANSACTIONDATE", "DESCRIPTION", "USERID") VALUES(812.12, TO_DATE('10/23/2021', 'MM/dd/yyyy'), 'Dairy', 4);
INSERT INTO TRANSACTION("AMOUNT", "TRANSACTIONDATE", "DESCRIPTION", "USERID") VALUES(1097.81, TO_DATE('04/21/2021', 'MM/dd/yyyy'), 'Furnishing', 4);
INSERT INTO TRANSACTION("AMOUNT", "TRANSACTIONDATE", "DESCRIPTION", "USERID") VALUES(710.29, TO_DATE('09/14/2021', 'MM/dd/yyyy'), 'Garden', 4);
INSERT INTO TRANSACTION("AMOUNT", "TRANSACTIONDATE", "DESCRIPTION", "USERID") VALUES(747.41, TO_DATE('10/09/2021', 'MM/dd/yyyy'), 'Household', 4);
INSERT INTO TRANSACTION("AMOUNT", "TRANSACTIONDATE", "DESCRIPTION", "USERID") VALUES(272.6, TO_DATE('10/02/2021', 'MM/dd/yyyy'), 'Grocery', 4);
INSERT INTO TRANSACTION("AMOUNT", "TRANSACTIONDATE", "DESCRIPTION", "USERID") VALUES(353.08, TO_DATE('06/12/2021', 'MM/dd/yyyy'), 'Cosmetics', 4);
INSERT INTO TRANSACTION("AMOUNT", "TRANSACTIONDATE", "DESCRIPTION", "USERID") VALUES(624.41, TO_DATE('11/01/2021', 'MM/dd/yyyy'), 'Furnishing', 4);
INSERT INTO TRANSACTION("AMOUNT", "TRANSACTIONDATE", "DESCRIPTION", "USERID") VALUES(908.61, TO_DATE('04/03/2021', 'MM/dd/yyyy'), 'Dairy', 4);
INSERT INTO TRANSACTION("AMOUNT", "TRANSACTIONDATE", "DESCRIPTION", "USERID") VALUES(606.77, TO_DATE('10/15/2021', 'MM/dd/yyyy'), 'Cosmetics', 4);
INSERT INTO TRANSACTION("AMOUNT", "TRANSACTIONDATE", "DESCRIPTION", "USERID") VALUES(697.69, TO_DATE('06/19/2021', 'MM/dd/yyyy'), 'Cosmetics', 4);
INSERT INTO TRANSACTION("AMOUNT", "TRANSACTIONDATE", "DESCRIPTION", "USERID") VALUES(520.56, TO_DATE('09/07/2021', 'MM/dd/yyyy'), 'Grocery', 4);
INSERT INTO TRANSACTION("AMOUNT", "TRANSACTIONDATE", "DESCRIPTION", "USERID") VALUES(783.24, TO_DATE('11/16/2021', 'MM/dd/yyyy'), 'Furnishing', 4);
INSERT INTO TRANSACTION("AMOUNT", "TRANSACTIONDATE", "DESCRIPTION", "USERID") VALUES(207.83, TO_DATE('03/25/2021', 'MM/dd/yyyy'), 'Cosmetics', 4);
INSERT INTO TRANSACTION("AMOUNT", "TRANSACTIONDATE", "DESCRIPTION", "USERID") VALUES(731.48, TO_DATE('10/04/2021', 'MM/dd/yyyy'), 'Cosmetics', 4);
INSERT INTO TRANSACTION("AMOUNT", "TRANSACTIONDATE", "DESCRIPTION", "USERID") VALUES(773.61, TO_DATE('02/03/2021', 'MM/dd/yyyy'), 'Grocery', 4);
INSERT INTO TRANSACTION("AMOUNT", "TRANSACTIONDATE", "DESCRIPTION", "USERID") VALUES(550.46, TO_DATE('10/25/2021', 'MM/dd/yyyy'), 'Grocery', 4);

INSERT INTO TRANSACTION("AMOUNT", "TRANSACTIONDATE", "DESCRIPTION", "USERID") VALUES(842.71, TO_DATE('05/19/2021', 'MM/dd/yyyy'), 'Grocery', 5);
INSERT INTO TRANSACTION("AMOUNT", "TRANSACTIONDATE", "DESCRIPTION", "USERID") VALUES(818.12, TO_DATE('08/28/2021', 'MM/dd/yyyy'), 'Household', 5);
INSERT INTO TRANSACTION("AMOUNT", "TRANSACTIONDATE", "DESCRIPTION", "USERID") VALUES(1039.6, TO_DATE('08/09/2021', 'MM/dd/yyyy'), 'Grocery', 5);
INSERT INTO TRANSACTION("AMOUNT", "TRANSACTIONDATE", "DESCRIPTION", "USERID") VALUES(698.37, TO_DATE('01/18/2021', 'MM/dd/yyyy'), 'Furnishing', 5);
INSERT INTO TRANSACTION("AMOUNT", "TRANSACTIONDATE", "DESCRIPTION", "USERID") VALUES(923.32, TO_DATE('11/27/2021', 'MM/dd/yyyy'), 'Grocery', 5);
INSERT INTO TRANSACTION("AMOUNT", "TRANSACTIONDATE", "DESCRIPTION", "USERID") VALUES(380.9, TO_DATE('09/23/2021', 'MM/dd/yyyy'), 'Furnishing', 5);
INSERT INTO TRANSACTION("AMOUNT", "TRANSACTIONDATE", "DESCRIPTION", "USERID") VALUES(1016.51, TO_DATE('10/28/2021', 'MM/dd/yyyy'), 'Cosmetics', 5);
INSERT INTO TRANSACTION("AMOUNT", "TRANSACTIONDATE", "DESCRIPTION", "USERID") VALUES(511.22, TO_DATE('08/07/2021', 'MM/dd/yyyy'), 'Household', 5);
INSERT INTO TRANSACTION("AMOUNT", "TRANSACTIONDATE", "DESCRIPTION", "USERID") VALUES(884.72, TO_DATE('06/20/2021', 'MM/dd/yyyy'), 'Garden', 5);
INSERT INTO TRANSACTION("AMOUNT", "TRANSACTIONDATE", "DESCRIPTION", "USERID") VALUES(572.32, TO_DATE('04/24/2021', 'MM/dd/yyyy'), 'Grocery', 5);
INSERT INTO TRANSACTION("AMOUNT", "TRANSACTIONDATE", "DESCRIPTION", "USERID") VALUES(39.29, TO_DATE('04/08/2021', 'MM/dd/yyyy'), 'Furnishing', 5);
INSERT INTO TRANSACTION("AMOUNT", "TRANSACTIONDATE", "DESCRIPTION", "USERID") VALUES(950.76, TO_DATE('02/07/2021', 'MM/dd/yyyy'), 'Furnishing', 5);
INSERT INTO TRANSACTION("AMOUNT", "TRANSACTIONDATE", "DESCRIPTION", "USERID") VALUES(299.01, TO_DATE('10/17/2021', 'MM/dd/yyyy'), 'Household', 5);
INSERT INTO TRANSACTION("AMOUNT", "TRANSACTIONDATE", "DESCRIPTION", "USERID") VALUES(673.04, TO_DATE('08/05/2021', 'MM/dd/yyyy'), 'Garden', 5);
INSERT INTO TRANSACTION("AMOUNT", "TRANSACTIONDATE", "DESCRIPTION", "USERID") VALUES(826.92, TO_DATE('02/14/2021', 'MM/dd/yyyy'), 'Garden', 5);
INSERT INTO TRANSACTION("AMOUNT", "TRANSACTIONDATE", "DESCRIPTION", "USERID") VALUES(694.89, TO_DATE('07/11/2021', 'MM/dd/yyyy'), 'Dairy', 5);
INSERT INTO TRANSACTION("AMOUNT", "TRANSACTIONDATE", "DESCRIPTION", "USERID") VALUES(220.7, TO_DATE('06/12/2021', 'MM/dd/yyyy'), 'Furnishing', 5);
INSERT INTO TRANSACTION("AMOUNT", "TRANSACTIONDATE", "DESCRIPTION", "USERID") VALUES(1098.15, TO_DATE('02/14/2021', 'MM/dd/yyyy'), 'Household', 5);
INSERT INTO TRANSACTION("AMOUNT", "TRANSACTIONDATE", "DESCRIPTION", "USERID") VALUES(687.91, TO_DATE('07/03/2021', 'MM/dd/yyyy'), 'Cosmetics', 5);
INSERT INTO TRANSACTION("AMOUNT", "TRANSACTIONDATE", "DESCRIPTION", "USERID") VALUES(442.71, TO_DATE('05/23/2021', 'MM/dd/yyyy'), 'Household', 5);
INSERT INTO TRANSACTION("AMOUNT", "TRANSACTIONDATE", "DESCRIPTION", "USERID") VALUES(889.64, TO_DATE('09/03/2021', 'MM/dd/yyyy'), 'Household', 5);
INSERT INTO TRANSACTION("AMOUNT", "TRANSACTIONDATE", "DESCRIPTION", "USERID") VALUES(343.38, TO_DATE('08/22/2021', 'MM/dd/yyyy'), 'Household', 5);
INSERT INTO TRANSACTION("AMOUNT", "TRANSACTIONDATE", "DESCRIPTION", "USERID") VALUES(278.7, TO_DATE('11/18/2021', 'MM/dd/yyyy'), 'Dairy', 5);
INSERT INTO TRANSACTION("AMOUNT", "TRANSACTIONDATE", "DESCRIPTION", "USERID") VALUES(84.13, TO_DATE('05/15/2021', 'MM/dd/yyyy'), 'Cosmetics', 5);
INSERT INTO TRANSACTION("AMOUNT", "TRANSACTIONDATE", "DESCRIPTION", "USERID") VALUES(971.06, TO_DATE('09/02/2021', 'MM/dd/yyyy'), 'Household', 5);
INSERT INTO TRANSACTION("AMOUNT", "TRANSACTIONDATE", "DESCRIPTION", "USERID") VALUES(144.45, TO_DATE('02/15/2021', 'MM/dd/yyyy'), 'Furnishing', 5);
INSERT INTO TRANSACTION("AMOUNT", "TRANSACTIONDATE", "DESCRIPTION", "USERID") VALUES(1091.56, TO_DATE('08/03/2021', 'MM/dd/yyyy'), 'Garden', 5);
INSERT INTO TRANSACTION("AMOUNT", "TRANSACTIONDATE", "DESCRIPTION", "USERID") VALUES(1085.37, TO_DATE('07/18/2021', 'MM/dd/yyyy'), 'Cosmetics', 5);
INSERT INTO TRANSACTION("AMOUNT", "TRANSACTIONDATE", "DESCRIPTION", "USERID") VALUES(1057.63, TO_DATE('08/26/2021', 'MM/dd/yyyy'), 'Furnishing', 5);
INSERT INTO TRANSACTION("AMOUNT", "TRANSACTIONDATE", "DESCRIPTION", "USERID") VALUES(864.88, TO_DATE('05/27/2021', 'MM/dd/yyyy'), 'Garden', 5);
INSERT INTO TRANSACTION("AMOUNT", "TRANSACTIONDATE", "DESCRIPTION", "USERID") VALUES(937.09, TO_DATE('10/19/2021', 'MM/dd/yyyy'), 'Household', 5);
INSERT INTO TRANSACTION("AMOUNT", "TRANSACTIONDATE", "DESCRIPTION", "USERID") VALUES(465.24, TO_DATE('06/29/2021', 'MM/dd/yyyy'), 'Furnishing', 5);
INSERT INTO TRANSACTION("AMOUNT", "TRANSACTIONDATE", "DESCRIPTION", "USERID") VALUES(1078.63, TO_DATE('01/13/2021', 'MM/dd/yyyy'), 'Cosmetics', 5);
INSERT INTO TRANSACTION("AMOUNT", "TRANSACTIONDATE", "DESCRIPTION", "USERID") VALUES(737.04, TO_DATE('07/21/2021', 'MM/dd/yyyy'), 'Garden', 5);
INSERT INTO TRANSACTION("AMOUNT", "TRANSACTIONDATE", "DESCRIPTION", "USERID") VALUES(1046.26, TO_DATE('06/28/2021', 'MM/dd/yyyy'), 'Grocery', 5);
INSERT INTO TRANSACTION("AMOUNT", "TRANSACTIONDATE", "DESCRIPTION", "USERID") VALUES(887.29, TO_DATE('04/25/2021', 'MM/dd/yyyy'), 'Household', 5);
INSERT INTO TRANSACTION("AMOUNT", "TRANSACTIONDATE", "DESCRIPTION", "USERID") VALUES(881.15, TO_DATE('09/09/2021', 'MM/dd/yyyy'), 'Grocery', 5);
INSERT INTO TRANSACTION("AMOUNT", "TRANSACTIONDATE", "DESCRIPTION", "USERID") VALUES(591.59, TO_DATE('08/08/2021', 'MM/dd/yyyy'), 'Household', 5);
INSERT INTO TRANSACTION("AMOUNT", "TRANSACTIONDATE", "DESCRIPTION", "USERID") VALUES(267.11, TO_DATE('05/23/2021', 'MM/dd/yyyy'), 'Furnishing', 5);
INSERT INTO TRANSACTION("AMOUNT", "TRANSACTIONDATE", "DESCRIPTION", "USERID") VALUES(352.66, TO_DATE('08/15/2021', 'MM/dd/yyyy'), 'Dairy', 5);
INSERT INTO TRANSACTION("AMOUNT", "TRANSACTIONDATE", "DESCRIPTION", "USERID") VALUES(168.42, TO_DATE('07/14/2021', 'MM/dd/yyyy'), 'Grocery', 5);
INSERT INTO TRANSACTION("AMOUNT", "TRANSACTIONDATE", "DESCRIPTION", "USERID") VALUES(450.13, TO_DATE('06/26/2021', 'MM/dd/yyyy'), 'Cosmetics', 5);
INSERT INTO TRANSACTION("AMOUNT", "TRANSACTIONDATE", "DESCRIPTION", "USERID") VALUES(880.89, TO_DATE('07/07/2021', 'MM/dd/yyyy'), 'Cosmetics', 5);
INSERT INTO TRANSACTION("AMOUNT", "TRANSACTIONDATE", "DESCRIPTION", "USERID") VALUES(188.94, TO_DATE('06/04/2021', 'MM/dd/yyyy'), 'Garden', 5);
INSERT INTO TRANSACTION("AMOUNT", "TRANSACTIONDATE", "DESCRIPTION", "USERID") VALUES(520.14, TO_DATE('08/27/2021', 'MM/dd/yyyy'), 'Furnishing', 5);
INSERT INTO TRANSACTION("AMOUNT", "TRANSACTIONDATE", "DESCRIPTION", "USERID") VALUES(516.32, TO_DATE('02/14/2021', 'MM/dd/yyyy'), 'Furnishing', 5);
INSERT INTO TRANSACTION("AMOUNT", "TRANSACTIONDATE", "DESCRIPTION", "USERID") VALUES(422.86, TO_DATE('07/09/2021', 'MM/dd/yyyy'), 'Dairy', 5);
INSERT INTO TRANSACTION("AMOUNT", "TRANSACTIONDATE", "DESCRIPTION", "USERID") VALUES(269.67, TO_DATE('01/23/2021', 'MM/dd/yyyy'), 'Cosmetics', 5);
INSERT INTO TRANSACTION("AMOUNT", "TRANSACTIONDATE", "DESCRIPTION", "USERID") VALUES(229.96, TO_DATE('06/22/2021', 'MM/dd/yyyy'), 'Household', 5);
INSERT INTO TRANSACTION("AMOUNT", "TRANSACTIONDATE", "DESCRIPTION", "USERID") VALUES(570.18, TO_DATE('04/04/2021', 'MM/dd/yyyy'), 'Dairy', 5);
INSERT INTO TRANSACTION("AMOUNT", "TRANSACTIONDATE", "DESCRIPTION", "USERID") VALUES(572.63, TO_DATE('10/08/2021', 'MM/dd/yyyy'), 'Cosmetics', 5);
INSERT INTO TRANSACTION("AMOUNT", "TRANSACTIONDATE", "DESCRIPTION", "USERID") VALUES(539.74, TO_DATE('02/28/2021', 'MM/dd/yyyy'), 'Dairy', 5);
INSERT INTO TRANSACTION("AMOUNT", "TRANSACTIONDATE", "DESCRIPTION", "USERID") VALUES(1034.94, TO_DATE('10/13/2021', 'MM/dd/yyyy'), 'Dairy', 5);
INSERT INTO TRANSACTION("AMOUNT", "TRANSACTIONDATE", "DESCRIPTION", "USERID") VALUES(490.78, TO_DATE('10/21/2021', 'MM/dd/yyyy'), 'Furnishing', 5);
INSERT INTO TRANSACTION("AMOUNT", "TRANSACTIONDATE", "DESCRIPTION", "USERID") VALUES(959.11, TO_DATE('08/19/2021', 'MM/dd/yyyy'), 'Garden', 5);
INSERT INTO TRANSACTION("AMOUNT", "TRANSACTIONDATE", "DESCRIPTION", "USERID") VALUES(671.65, TO_DATE('06/10/2021', 'MM/dd/yyyy'), 'Household', 5);
INSERT INTO TRANSACTION("AMOUNT", "TRANSACTIONDATE", "DESCRIPTION", "USERID") VALUES(32.14, TO_DATE('04/06/2021', 'MM/dd/yyyy'), 'Cosmetics', 5);
INSERT INTO TRANSACTION("AMOUNT", "TRANSACTIONDATE", "DESCRIPTION", "USERID") VALUES(272.27, TO_DATE('07/09/2021', 'MM/dd/yyyy'), 'Grocery', 5);
INSERT INTO TRANSACTION("AMOUNT", "TRANSACTIONDATE", "DESCRIPTION", "USERID") VALUES(224.92, TO_DATE('10/25/2021', 'MM/dd/yyyy'), 'Garden', 5);
INSERT INTO TRANSACTION("AMOUNT", "TRANSACTIONDATE", "DESCRIPTION", "USERID") VALUES(577.51, TO_DATE('11/09/2021', 'MM/dd/yyyy'), 'Household', 5);
INSERT INTO TRANSACTION("AMOUNT", "TRANSACTIONDATE", "DESCRIPTION", "USERID") VALUES(27.3, TO_DATE('07/19/2021', 'MM/dd/yyyy'), 'Furnishing', 5);
INSERT INTO TRANSACTION("AMOUNT", "TRANSACTIONDATE", "DESCRIPTION", "USERID") VALUES(78.16, TO_DATE('06/03/2021', 'MM/dd/yyyy'), 'Dairy', 5);
INSERT INTO TRANSACTION("AMOUNT", "TRANSACTIONDATE", "DESCRIPTION", "USERID") VALUES(535.53, TO_DATE('05/09/2021', 'MM/dd/yyyy'), 'Cosmetics', 5);
INSERT INTO TRANSACTION("AMOUNT", "TRANSACTIONDATE", "DESCRIPTION", "USERID") VALUES(141.88, TO_DATE('01/13/2021', 'MM/dd/yyyy'), 'Grocery', 5);
INSERT INTO TRANSACTION("AMOUNT", "TRANSACTIONDATE", "DESCRIPTION", "USERID") VALUES(710.48, TO_DATE('03/21/2021', 'MM/dd/yyyy'), 'Cosmetics', 5);
INSERT INTO TRANSACTION("AMOUNT", "TRANSACTIONDATE", "DESCRIPTION", "USERID") VALUES(878.99, TO_DATE('06/15/2021', 'MM/dd/yyyy'), 'Dairy', 5);
INSERT INTO TRANSACTION("AMOUNT", "TRANSACTIONDATE", "DESCRIPTION", "USERID") VALUES(817.84, TO_DATE('04/14/2021', 'MM/dd/yyyy'), 'Grocery', 5);
INSERT INTO TRANSACTION("AMOUNT", "TRANSACTIONDATE", "DESCRIPTION", "USERID") VALUES(900.5, TO_DATE('04/26/2021', 'MM/dd/yyyy'), 'Cosmetics', 5);
INSERT INTO TRANSACTION("AMOUNT", "TRANSACTIONDATE", "DESCRIPTION", "USERID") VALUES(633.96, TO_DATE('08/17/2021', 'MM/dd/yyyy'), 'Grocery', 5);
INSERT INTO TRANSACTION("AMOUNT", "TRANSACTIONDATE", "DESCRIPTION", "USERID") VALUES(768.28, TO_DATE('10/11/2021', 'MM/dd/yyyy'), 'Garden', 5);
INSERT INTO TRANSACTION("AMOUNT", "TRANSACTIONDATE", "DESCRIPTION", "USERID") VALUES(1073.4, TO_DATE('09/05/2021', 'MM/dd/yyyy'), 'Garden', 5);
INSERT INTO TRANSACTION("AMOUNT", "TRANSACTIONDATE", "DESCRIPTION", "USERID") VALUES(399.73, TO_DATE('04/23/2021', 'MM/dd/yyyy'), 'Household', 5);
INSERT INTO TRANSACTION("AMOUNT", "TRANSACTIONDATE", "DESCRIPTION", "USERID") VALUES(726.97, TO_DATE('07/01/2021', 'MM/dd/yyyy'), 'Grocery', 5);
INSERT INTO TRANSACTION("AMOUNT", "TRANSACTIONDATE", "DESCRIPTION", "USERID") VALUES(581.82, TO_DATE('01/01/2021', 'MM/dd/yyyy'), 'Cosmetics', 5);
INSERT INTO TRANSACTION("AMOUNT", "TRANSACTIONDATE", "DESCRIPTION", "USERID") VALUES(871.14, TO_DATE('08/23/2021', 'MM/dd/yyyy'), 'Grocery', 5);
INSERT INTO TRANSACTION("AMOUNT", "TRANSACTIONDATE", "DESCRIPTION", "USERID") VALUES(491.9, TO_DATE('01/14/2021', 'MM/dd/yyyy'), 'Furnishing', 5);
INSERT INTO TRANSACTION("AMOUNT", "TRANSACTIONDATE", "DESCRIPTION", "USERID") VALUES(82.73, TO_DATE('01/04/2021', 'MM/dd/yyyy'), 'Grocery', 5);
INSERT INTO TRANSACTION("AMOUNT", "TRANSACTIONDATE", "DESCRIPTION", "USERID") VALUES(835.23, TO_DATE('10/06/2021', 'MM/dd/yyyy'), 'Household', 5);
INSERT INTO TRANSACTION("AMOUNT", "TRANSACTIONDATE", "DESCRIPTION", "USERID") VALUES(194.76, TO_DATE('11/02/2021', 'MM/dd/yyyy'), 'Grocery', 5);
INSERT INTO TRANSACTION("AMOUNT", "TRANSACTIONDATE", "DESCRIPTION", "USERID") VALUES(681.44, TO_DATE('09/16/2021', 'MM/dd/yyyy'), 'Grocery', 5);
INSERT INTO TRANSACTION("AMOUNT", "TRANSACTIONDATE", "DESCRIPTION", "USERID") VALUES(912.37, TO_DATE('03/15/2021', 'MM/dd/yyyy'), 'Cosmetics', 5);
INSERT INTO TRANSACTION("AMOUNT", "TRANSACTIONDATE", "DESCRIPTION", "USERID") VALUES(334.97, TO_DATE('09/16/2021', 'MM/dd/yyyy'), 'Household', 5);
INSERT INTO TRANSACTION("AMOUNT", "TRANSACTIONDATE", "DESCRIPTION", "USERID") VALUES(1009.6, TO_DATE('04/10/2021', 'MM/dd/yyyy'), 'Cosmetics', 5);
INSERT INTO TRANSACTION("AMOUNT", "TRANSACTIONDATE", "DESCRIPTION", "USERID") VALUES(1046.83, TO_DATE('05/05/2021', 'MM/dd/yyyy'), 'Household', 5);
INSERT INTO TRANSACTION("AMOUNT", "TRANSACTIONDATE", "DESCRIPTION", "USERID") VALUES(321.04, TO_DATE('02/19/2021', 'MM/dd/yyyy'), 'Household', 5);
INSERT INTO TRANSACTION("AMOUNT", "TRANSACTIONDATE", "DESCRIPTION", "USERID") VALUES(277.49, TO_DATE('10/05/2021', 'MM/dd/yyyy'), 'Grocery', 5);
INSERT INTO TRANSACTION("AMOUNT", "TRANSACTIONDATE", "DESCRIPTION", "USERID") VALUES(284.13, TO_DATE('11/19/2021', 'MM/dd/yyyy'), 'Dairy', 5);
INSERT INTO TRANSACTION("AMOUNT", "TRANSACTIONDATE", "DESCRIPTION", "USERID") VALUES(23.38, TO_DATE('01/27/2021', 'MM/dd/yyyy'), 'Furnishing', 5);
INSERT INTO TRANSACTION("AMOUNT", "TRANSACTIONDATE", "DESCRIPTION", "USERID") VALUES(1061.04, TO_DATE('01/03/2021', 'MM/dd/yyyy'), 'Grocery', 5);
INSERT INTO TRANSACTION("AMOUNT", "TRANSACTIONDATE", "DESCRIPTION", "USERID") VALUES(211.83, TO_DATE('10/12/2021', 'MM/dd/yyyy'), 'Garden', 5);
INSERT INTO TRANSACTION("AMOUNT", "TRANSACTIONDATE", "DESCRIPTION", "USERID") VALUES(81.01, TO_DATE('07/10/2021', 'MM/dd/yyyy'), 'Furnishing', 5);
INSERT INTO TRANSACTION("AMOUNT", "TRANSACTIONDATE", "DESCRIPTION", "USERID") VALUES(671.83, TO_DATE('03/18/2021', 'MM/dd/yyyy'), 'Garden', 5);
INSERT INTO TRANSACTION("AMOUNT", "TRANSACTIONDATE", "DESCRIPTION", "USERID") VALUES(387.01, TO_DATE('06/06/2021', 'MM/dd/yyyy'), 'Garden', 5);
INSERT INTO TRANSACTION("AMOUNT", "TRANSACTIONDATE", "DESCRIPTION", "USERID") VALUES(580.52, TO_DATE('07/13/2021', 'MM/dd/yyyy'), 'Cosmetics', 5);
INSERT INTO TRANSACTION("AMOUNT", "TRANSACTIONDATE", "DESCRIPTION", "USERID") VALUES(382.68, TO_DATE('04/11/2021', 'MM/dd/yyyy'), 'Garden', 5);
INSERT INTO TRANSACTION("AMOUNT", "TRANSACTIONDATE", "DESCRIPTION", "USERID") VALUES(907.77, TO_DATE('05/14/2021', 'MM/dd/yyyy'), 'Furnishing', 5);
INSERT INTO TRANSACTION("AMOUNT", "TRANSACTIONDATE", "DESCRIPTION", "USERID") VALUES(68.24, TO_DATE('10/09/2021', 'MM/dd/yyyy'), 'Dairy', 5);
INSERT INTO TRANSACTION("AMOUNT", "TRANSACTIONDATE", "DESCRIPTION", "USERID") VALUES(393.76, TO_DATE('11/18/2021', 'MM/dd/yyyy'), 'Garden', 5);
INSERT INTO TRANSACTION("AMOUNT", "TRANSACTIONDATE", "DESCRIPTION", "USERID") VALUES(266.58, TO_DATE('01/01/2021', 'MM/dd/yyyy'), 'Dairy', 5);
INSERT INTO TRANSACTION("AMOUNT", "TRANSACTIONDATE", "DESCRIPTION", "USERID") VALUES(936.89, TO_DATE('01/22/2021', 'MM/dd/yyyy'), 'Furnishing', 5);
